"","GSM3594010","GSM3594013","fc.EXPD4.CTRL","p.value"
"1415697_PM_at",4.95174454113379,6.71907126029605,1.76732671916226,0.0453613438455363
"1415706_PM_at",7.85532642588881,9.11424085231804,1.25891442642923,0.0468616306297431
"1415723_PM_at",6.86548722834373,8.49446073989807,1.62897351155435,0.043165119625907
"1415741_PM_at",6.18596766721662,7.70814127448723,1.52217360727061,0.00347533345477858
"1415775_PM_at",7.09499161478205,8.54233326400306,1.44734164922101,0.00400722885575819
"1415778_PM_at",7.59843989708494,8.80321104335881,1.20477114627386,0.0113129606968255
"1415783_PM_at",5.25695761906906,6.98846868847027,1.73151106940121,0.00211923912415437
"1415799_PM_at",6.17605004423328,7.56439872452819,1.38834868029491,0.00325742231328447
"1415802_PM_at",5.77633331021547,8.30248309199587,2.52614978178039,0.00915963539696619
"1415817_PM_s_at",8.15086493308157,9.67457300018112,1.52370806709955,0.00402178121228682
"1415827_PM_a_at",4.90323593632394,7.05817608533344,2.15494014900949,0.0175462640823257
"1415852_PM_at",7.79685205925574,9.15777600089255,1.36092394163682,0.0435551229418111
"1415858_PM_at",7.96447273401264,9.337355959448,1.37288322543536,0.000510286774682543
"1415860_PM_at",6.34564268111762,8.65573266200638,2.31008998088876,0.0311056469353713
"1415897_PM_a_at",4.65865493388027,6.60393240258667,1.9452774687064,0.0403459339003118
"1415899_PM_at",4.85864643805501,7.04061764281868,2.18197120476366,0.00239278464456196
"1415918_PM_a_at",6.44059780063167,7.76254623136309,1.32194843073142,0.0156229912801968
"1415921_PM_a_at",7.56944815176051,5.59719283859387,-1.97225531316664,0.0440249287286596
"1415933_PM_a_at",8.01783508940783,9.53847528125123,1.5206401918434,0.00299799846196279
"1415936_PM_at",4.91727799329921,6.7479731173902,1.83069512409099,0.00889597402019292
"1415940_PM_at",3.612287100412,5.91580119893364,2.30351409852163,0.04418430543364
"1415946_PM_at",5.01694347468861,6.53980175253779,1.52285827784918,0.0180704291398708
"1415963_PM_at",6.17331751562425,7.18801542788698,1.01469791226272,0.0486279527783055
"1415972_PM_at",6.46035795644699,8.07097576645937,1.61061781001238,0.0049830748933863
"1415976_PM_a_at",5.73595748431466,7.05905713867942,1.32309965436476,0.0276673254354601
"1415995_PM_at",5.14014165796082,7.24790881018979,2.10776715222897,0.00297206372998068
"1416009_PM_at",6.39399944163205,9.19884462862795,2.8048451869959,0.0102528762186397
"1416015_PM_s_at",5.84956820437706,7.37085411440061,1.52128591002354,0.0476397821213574
"1416039_PM_x_at",5.96897393471606,7.67334492816729,1.70437099345123,0.0333824552081848
"1416042_PM_s_at",5.68766242589362,7.56758869009169,1.87992626419807,0.00828351042705285
"1416046_PM_a_at",3.58580970650522,5.48381256384973,1.89800285734451,0.032129658837219
"1416059_PM_at",5.22486253173902,6.45835317419642,1.23349064245741,0.0264469699776812
"1416067_PM_at",5.00424848557566,7.64392401467414,2.63967552909848,0.00645370375147399
"1416071_PM_at",5.20674287809311,7.90360325806309,2.69686037996998,0.00215994085520709
"1416076_PM_at",7.23939711776476,9.49797832876617,2.25858121100141,0.00598484246315031
"1416083_PM_at",4.38331386399407,5.38580889727841,1.00249503328434,0.0105878866212056
"1416120_PM_at",6.30393563031645,8.97933285894282,2.67539722862637,0.0431600556430751
"1416161_PM_at",4.35073911318263,5.83236692217152,1.48162780898889,0.0215139430251611
"1416165_PM_at",4.74082266612797,8.50630623429155,3.76548356816358,0.00410564952881382
"1416166_PM_a_at",3.82902973419038,6.07904914166143,2.25001940747105,0.0384132408804903
"1416177_PM_at",6.85779608416898,8.33776901407848,1.4799729299095,0.00411540614630207
"1416182_PM_at",6.68806323919244,7.81768054606431,1.12961730687187,0.0198284666728967
"1416190_PM_a_at",4.29597074563129,6.64581389270427,2.34984314707298,0.00536603978621967
"1416191_PM_at",5.57612210557917,7.0541622253159,1.47804011973673,0.0334047387859556
"1416200_PM_at",5.04686278976531,7.96201088827137,2.91514809850606,0.000549520513120068
"1416213_PM_x_at",8.05550369988109,9.68230413368878,1.62680043380769,0.00809853943755028
"1416226_PM_at",7.05118495844878,8.81975732648674,1.76857236803796,0.0165571075832696
"1416229_PM_at",3.69231261214683,6.18157103619585,2.48925842404902,0.012292015912039
"1416234_PM_at",7.28994855740526,9.37788061817969,2.08793206077443,0.0433036546793147
"1416239_PM_at",5.16996882490264,7.53431018834573,2.36434136344309,0.0268218018414918
"1416249_PM_at",6.98892393957072,8.16624981684222,1.17732587727149,0.0225536428551746
"1416257_PM_at",5.78721480683381,8.36183358191007,2.57461877507627,0.0275738588119457
"1416269_PM_at",7.16384770488189,8.53645244717969,1.3726047422978,0.0422511996892921
"1416283_PM_at",5.5375542233425,7.92074922266378,2.38319499932129,0.00224394349288395
"1416288_PM_at",6.73867379754096,7.88378051541414,1.14510671787318,0.0194766434123212
"1416291_PM_at",8.48005662889519,9.54499101033493,1.06493438143974,0.0494426711353713
"1416318_PM_at",3.18757325860447,6.79720360432391,3.60963034571944,0.00276463039297153
"1416336_PM_s_at",5.02640990226547,7.43844869210881,2.41203878984334,0.00389647979906687
"1416339_PM_a_at",6.9599306037889,8.09381462745935,1.13388402367045,0.0478902356572034
"1416346_PM_at",4.96455155208183,6.54481796885593,1.5802664167741,0.0407456106271282
"1416349_PM_at",5.91905316798307,6.99313950319833,1.07408633521525,0.00459306402179254
"1416366_PM_at",6.78367233827277,7.93506625562073,1.15139391734796,0.0307474804589736
"1416379_PM_at",5.90214974737408,7.66229378442862,1.76014403705454,0.00772238420658888
"1416407_PM_at",6.20845283904884,7.30130325850679,1.09285041945795,0.0402403102863984
"1416415_PM_a_at",8.60729249385904,9.89759929078855,1.29030679692951,0.00525305210936256
"1416417_PM_a_at",7.72379282725708,9.03917170912148,1.3153788818644,0.0456084832248161
"1416425_PM_at",4.81510376578976,6.34999592272898,1.53489215693922,0.0136148322252163
"1416431_PM_at",4.46958860388584,8.67626589002832,4.20667728614248,0.0136351882629714
"1416445_PM_at",5.8876715870227,7.43159367205994,1.54392208503723,0.0150221061360511
"1416461_PM_at",6.44963761168932,7.5594783718695,1.10984076018018,0.0110007002265855
"1416478_PM_a_at",6.96003020144367,9.06798613653264,2.10795593508897,0.00499370599378945
"1416514_PM_a_at",4.97578006665666,8.49879279305193,3.52301272639527,0.0175338596543903
"1416515_PM_at",6.06666177730607,7.92443186999161,1.85777009268554,0.0408262496923038
"1416551_PM_at",3.75676249972305,6.51429671015288,2.75753421042983,0.029046113644105
"1416558_PM_at",5.30993272127753,6.83419548131496,1.52426276003743,0.0130703042848474
"1416566_PM_at",6.80549185114407,8.75210565888836,1.94661380774429,0.0170839477117981
"1416567_PM_s_at",6.01608657765361,8.10123077923563,2.08514420158202,0.0251506068402065
"1416569_PM_at",4.78336348887979,6.30538756330491,1.52202407442513,0.0389007008032632
"1416576_PM_at",4.1179780726647,5.83888764762261,1.72090957495791,0.0245881907427077
"1416589_PM_at",7.79412593058774,9.29511994086163,1.50099401027389,0.0119921918009201
"1416595_PM_at",5.34389194767512,6.81043800419183,1.46654605651671,0.0167310726644316
"1416605_PM_at",5.66885394899097,8.46936644944554,2.80051250045457,0.0271971080816789
"1416606_PM_s_at",8.01966792459564,9.45116449733174,1.43149657273609,0.0108400822121475
"1416629_PM_at",4.66125249461895,5.6707414208397,1.00948892622075,0.0476895716535297
"1416633_PM_a_at",5.58874568523212,7.22897678436249,1.64023109913038,0.0385948531757734
"1416651_PM_at",5.97117417864452,7.16742845060684,1.19625427196232,0.00948378029384834
"1416657_PM_at",7.69218357817341,8.99568669182286,1.30350311364945,0.0153185494731307
"1416696_PM_at",5.40120696435209,6.4381462334561,1.03693926910401,0.0220384837042002
"1416698_PM_a_at",6.41166546429962,8.64870269107935,2.23703722677972,0.0170448408513017
"1416726_PM_s_at",6.40574810829441,7.93251386720163,1.52676575890722,0.0333966980540257
"1416786_PM_at",5.65819413181473,7.04142279014235,1.38322865832763,0.0366460696766865
"1416802_PM_a_at",5.50707901603062,7.20515416073936,1.69807514470874,0.012480574475485
"1416815_PM_s_at",7.88252509301368,9.1510878096208,1.26856271660712,0.0445056452021816
"1416871_PM_at",6.08949702956721,8.00703308691038,1.91753605734317,0.00588921906441806
"1416881_PM_at",6.38739258732393,8.04256604140185,1.65517345407792,0.00770105806153283
"1416896_PM_at",5.96367275207723,7.0473157116743,1.08364295959707,0.0416239842579228
"1416911_PM_a_at",5.89791667528615,7.10772569111107,1.20980901582492,0.00979049206974081
"1416931_PM_at",5.93678981270719,8.10377412998096,2.16698431727377,0.00180456206855008
"1416973_PM_at",7.50720287891034,9.29753063955256,1.79032776064222,0.00269722427736038
"1417005_PM_at",5.02772138968962,6.07277088545892,1.0450494957693,0.0424907141190149
"1417027_PM_at",5.27675315893455,3.35228725141505,-1.92446590751949,0.0378784046715177
"1417029_PM_a_at",6.74648416708207,5.30580302219165,-1.44068114489042,0.0265030617587887
"1417109_PM_at",5.4280508967202,8.91111027944253,3.48305938272234,0.0401334559416089
"1417125_PM_at",7.26443977247819,8.77058862925075,1.50614885677256,0.0199187531420626
"1417132_PM_at",5.17959998959116,6.22859560489082,1.04899561529966,0.0162883142073867
"1417182_PM_at",4.84178389672094,6.28860493739419,1.44682104067325,0.0212906516896442
"1417191_PM_at",3.73858590391319,4.9336406907431,1.19505478682991,0.00556540436280105
"1417250_PM_at",7.10825454299058,8.9279600470079,1.81970550401733,0.00886878170115093
"1417258_PM_at",8.64753628681544,9.6956772603802,1.04814097356476,0.0129611525876205
"1417287_PM_at",6.79204059946987,8.43460969925301,1.64256909978314,0.0339075402181781
"1417308_PM_at",9.87196533248484,10.9383688588044,1.0664035263196,0.0173619935744808
"1417341_PM_a_at",4.33358340721454,5.82634874062266,1.49276533340812,0.000805855524163674
"1417344_PM_at",5.84817117307543,7.53107221679677,1.68290104372134,0.00533409098193075
"1417366_PM_s_at",7.77526149492092,9.56161450527694,1.78635301035602,0.0467782300176258
"1417391_PM_a_at",4.87845768367088,3.77604321186295,-1.10241447180792,0.0125407357800055
"1417398_PM_at",3.9997548158169,6.78665978505231,2.78690496923541,0.00806748279585311
"1417407_PM_at",5.58349045049681,6.63744070173928,1.05395025124246,0.0206270895857391
"1417434_PM_at",5.33870343383237,7.3281847925881,1.98948135875573,0.036089650150383
"1417450_PM_a_at",6.3358906171737,8.34788625338446,2.01199563621076,0.0163624318923428
"1417488_PM_at",5.69012478988723,8.17474580780356,2.48462101791633,0.0210698056494221
"1417511_PM_at",6.18862551943911,7.40525444089511,1.216628921456,0.0282596673865229
"1417534_PM_at",7.75172563718988,6.26797268235311,-1.48375295483677,0.03571454995441
"1417544_PM_a_at",5.36360891925015,7.83363240761054,2.47002348836039,0.00584759842484762
"1417606_PM_a_at",6.18053234345991,8.51985898397961,2.33932664051971,0.0292425938274177
"1417612_PM_at",4.56642655512066,6.57275402603948,2.00632747091882,0.0344760671536562
"1417625_PM_s_at",3.80523220250944,5.10253325485426,1.29730105234482,0.0265575341222628
"1417627_PM_a_at",4.14662234985441,5.76488788966553,1.61826553981112,0.0466021033491505
"1417648_PM_s_at",3.97934861275348,5.86617320907125,1.88682459631776,0.0487156926062869
"1417657_PM_s_at",4.90478872248457,6.49289273555887,1.5881040130743,0.033110265273935
"1417659_PM_at",4.06956133974382,6.70631192179878,2.63675058205496,0.0449395411595141
"1417715_PM_a_at",7.54009084456721,9.4201415267915,1.88005068222429,0.0165073064101323
"1417716_PM_at",8.82676945001392,10.5484886362278,1.72171918621391,0.00151558115900755
"1417720_PM_at",8.54191262741952,9.64040190797684,1.09848928055732,0.0131753970763064
"1417723_PM_at",4.22248130563968,5.50008339189872,1.27760208625904,0.0247907797531786
"1417725_PM_a_at",5.57765445695852,6.87734604138509,1.29969158442657,0.017766500494451
"1417726_PM_at",5.55674865208833,7.30496622401253,1.74821757192419,0.0378335446352875
"1417727_PM_at",6.16284836445897,7.34841383492896,1.18556547046999,0.0409480696825682
"1417736_PM_at",5.51475622704568,6.78062196050771,1.26586573346203,0.0254003521507854
"1417763_PM_at",8.43760579131447,9.50444799743697,1.06684220612251,0.0328935373219151
"1417764_PM_at",8.05193760327955,9.25785509135505,1.2059174880755,0.00763131708974843
"1417766_PM_at",6.26181699494971,7.60943996276887,1.34762296781916,0.0480078927840797
"1417775_PM_at",6.25317671657848,7.69608564694266,1.44290893036418,0.0363756791529659
"1417797_PM_a_at",5.79431311414265,7.11823783210152,1.32392471795887,0.0120816509592758
"1417825_PM_at",7.7794941632525,8.98023505028078,1.20074088702828,0.0453578678391836
"1417865_PM_at",6.3644899248908,7.70509868129522,1.34060875640442,0.0408817614807704
"1417887_PM_at",5.73372504243776,7.84448211306187,2.11075707062411,0.0388843967445822
"1417910_PM_at",4.8505958120347,6.62476626287497,1.77417045084027,0.0414832136897753
"1417911_PM_at",7.7456997007046,9.31119860544164,1.56549890473704,0.0141552801382209
"1417921_PM_at",5.05490096802634,6.05879455561917,1.00389358759283,0.0041794132998244
"1417930_PM_at",5.27921030914743,4.20990730273672,-1.06930300641071,0.0105814073593802
"1417947_PM_at",7.48736718973352,8.94435574125661,1.45698855152309,0.022330215360333
"1417953_PM_at",6.13884322903845,7.35087182613497,1.21202859709652,0.0477261327571939
"1418008_PM_at",6.90925776330608,5.63111100962982,-1.27814675367627,0.0461431193915585
"1418014_PM_a_at",7.43541873405475,8.86801529615275,1.432596562098,0.0158659242655381
"1418024_PM_at",7.0223486148812,8.13162632415202,1.10927770927082,0.0263955188418625
"1418035_PM_a_at",4.11109041795632,5.71409440928395,1.60300399132764,0.0314621339823268
"1418078_PM_at",7.90530106740728,9.90600026617955,2.00069919877228,0.0210572160538549
"1418083_PM_at",6.31806539534687,7.33620599365712,1.01814059831025,0.00857195293659439
"1418188_PM_a_at",10.1916823282966,9.15951618871794,-1.03216613957867,0.00567910113064197
"1418198_PM_a_at",4.73871077018025,6.093994685512,1.35528391533174,0.0162548011623924
"1418206_PM_at",5.81936341076589,7.38866802967,1.56930461890411,0.0112460284732715
"1418229_PM_s_at",6.4251483381136,7.96678955664688,1.54164121853328,0.0183635621770387
"1418316_PM_a_at",5.90959079469319,7.18028032321298,1.27068952851979,0.0381107672546779
"1418324_PM_at",6.5142818609701,8.52749659824438,2.01321473727428,0.0262643333092775
"1418325_PM_at",5.66778076012335,7.15718779997187,1.48940703984852,0.0246356662720209
"1418326_PM_at",5.20374600753781,7.82607802955257,2.62233202201477,0.010439944511702
"1418433_PM_at",5.62207872819236,6.7784265700725,1.15634784188014,0.0406963571291781
"1418443_PM_at",3.91308254042006,6.02362541690447,2.11054287648441,0.0368084228672834
"1418468_PM_at",5.46259199196956,6.98312899065405,1.52053699868449,0.0438897157033777
"1418503_PM_at",7.55833902145737,8.67005745771172,1.11171843625435,0.00842549929856405
"1418516_PM_at",5.7724923827657,7.34124263980468,1.56875025703898,0.0474941555900832
"1418518_PM_at",6.4111537958984,8.16009996182977,1.74894616593137,0.00210096394202405
"1418521_PM_a_at",6.80082065122514,8.30286715347597,1.50204650225083,0.0293442549747799
"1418539_PM_a_at",4.5060559995102,6.66681989881146,2.16076389930125,0.0236439475328076
"1418576_PM_at",7.26736891708169,8.49505671284069,1.227687795759,0.00548139125947509
"1418674_PM_at",5.23167302740941,7.9654226040562,2.73374957664679,3.30403302273743e-05
"1418675_PM_at",7.09177482038093,8.13829406158688,1.04651924120595,0.0141223729741937
"1418727_PM_at",5.48223664250775,6.74523497587957,1.26299833337182,0.0387020889308291
"1418945_PM_at",5.22167061405442,7.00000055733919,1.77832994328477,0.0410643558955487
"1418954_PM_at",5.68068245527307,4.66541212894565,-1.01527032632742,0.0182652684898429
"1419036_PM_at",4.82727439622108,6.95287210244913,2.12559770622804,0.0383631324531159
"1419067_PM_a_at",6.28267587292592,7.57341451644177,1.29073864351585,0.00289492592451952
"1419086_PM_at",6.43730920220507,8.36328381374908,1.92597461154401,0.00667943008237087
"1419110_PM_at",4.94103992393038,6.45334335754085,1.51230343361047,0.0158667692242971
"1419168_PM_at",7.11148861596888,9.6416634890006,2.53017487303172,0.0174864264685108
"1419169_PM_at",4.17963528639495,7.08488996639595,2.90525468000099,0.0276716960405308
"1419181_PM_at",2.44762297582559,3.49139396213072,1.04377098630513,0.0479827920350799
"1419266_PM_at",3.63235589891113,5.66701269302542,2.03465679411429,0.0105388155862327
"1419272_PM_at",4.59901446907531,5.86980394718471,1.2707894781094,0.0113018109769283
"1419275_PM_at",7.13024972117706,8.33860204212328,1.20835232094622,0.0282430614839596
"1419278_PM_at",5.10102293765208,6.32961832837456,1.22859539072248,0.0201672887895421
"1419290_PM_at",6.41482758992693,7.80754286288954,1.3927152729626,0.00875831154044656
"1419342_PM_at",4.86530817736668,6.52152556652861,1.65621738916193,0.00242057749084035
"1419351_PM_a_at",5.4838260157008,7.78881778329223,2.30499176759143,0.0205770525600305
"1419352_PM_at",5.35260601833084,7.40531519977239,2.05270918144156,0.0342000775992097
"1419358_PM_at",4.39662080268123,7.74209819482961,3.34547739214837,0.00127037642520433
"1419363_PM_a_at",6.79164297312419,7.93111006986597,1.13946709674178,0.0128665781014788
"1419404_PM_s_at",4.43054328594477,5.51950066914142,1.08895738319665,0.0425021398810147
"1419452_PM_at",5.62085569425398,7.47808998390979,1.85723428965581,0.0282897550375337
"1419459_PM_a_at",4.26963398051612,5.30492727011377,1.03529328959764,0.0442619165770345
"1419543_PM_a_at",6.79418035202227,7.87332945690507,1.0791491048828,0.00593889864502471
"1419619_PM_at",7.84894291463537,5.88625158134206,-1.96269133329331,0.0339478832793038
"1419737_PM_a_at",10.2997856120098,11.4307101530598,1.13092454105003,0.0452600104106601
"1419819_PM_s_at",5.84848894103341,7.16429682077394,1.31580787974053,0.024703984843712
"1419829_PM_a_at",3.92378075969672,2.70997118650514,-1.21380957319158,0.045689256939553
"1419943_PM_s_at",5.78737955294614,8.11387216461518,2.32649261166904,0.0152352121488607
"1419944_PM_at",5.54546495739263,7.98911034323954,2.4436453858469,0.0201212450021123
"1420004_PM_s_at",5.14967329899985,6.34271593761931,1.19304263861946,0.016405259450709
"1420024_PM_s_at",7.10157620164658,8.517896419184,1.41632021753742,0.0409954557633793
"1420043_PM_s_at",6.65363301222479,8.25464924246432,1.60101623023952,0.00894153689363031
"1420088_PM_at",9.02174685967555,10.1167527319893,1.09500587231372,0.017839685938323
"1420117_PM_at",5.47515353985167,6.99171954008109,1.51656600022942,0.0342181385138481
"1420142_PM_s_at",7.4452489106648,9.43069864079469,1.98544973012989,0.0402863096946358
"1420170_PM_at",5.96851020103406,7.09348141787899,1.12497121684493,0.0431182361934722
"1420388_PM_at",5.22195415628882,7.57447856184479,2.35252440555597,0.00346352186476318
"1420474_PM_at",6.78415031052117,8.29155394462412,1.50740363410295,0.0356646896809572
"1420476_PM_a_at",5.62424631409517,7.50861561015997,1.8843692960648,0.00257146048407357
"1420491_PM_at",5.05187329859968,6.36253630076281,1.31066300216313,0.0240577873147852
"1420502_PM_at",5.95896931057174,7.5096980786473,1.55072876807556,0.0307014696411713
"1420592_PM_a_at",4.76284251075738,7.4316508904908,2.66880837973342,0.00611459969070847
"1420612_PM_s_at",6.81266167809653,8.14052367034698,1.32786199225045,0.0303095723184567
"1420631_PM_a_at",6.42573787881717,7.46641734754184,1.04067946872467,0.038165683104596
"1420646_PM_at",6.57697052650977,7.72642388594093,1.14945335943115,0.02336238816091
"1420655_PM_at",7.43254542172652,5.94211948043035,-1.49042594129617,0.0198329080682103
"1420747_PM_at",5.18322788881475,3.92196396855057,-1.26126392026417,0.0321944275125321
"1420852_PM_a_at",4.3286342056351,5.34434217149045,1.01570796585535,0.0453463302089081
"1420867_PM_at",7.75221334232735,8.89965451409496,1.14744117176761,0.034883369774785
"1420873_PM_at",4.28861060913767,6.63769018255666,2.34907957341899,0.0155356530445231
"1420874_PM_at",6.38081164958656,8.18201739534179,1.80120574575522,0.044269002470306
"1420875_PM_at",5.93393414779004,8.63082758353464,2.6968934357446,0.00123753001476571
"1420886_PM_a_at",3.63199364839683,5.12872926555402,1.49673561715719,0.0176889815340447
"1420893_PM_a_at",4.18722173492938,5.94393283823036,1.75671110330098,0.00621434950837283
"1420917_PM_at",6.05689565536751,7.59852331772013,1.54162766235262,0.0387346347281284
"1420930_PM_s_at",4.824671242586,6.75668793927638,1.93201669669038,0.00226320907729481
"1420975_PM_at",6.33533557143794,5.17955768234671,-1.15577788909123,0.0358678846981591
"1421006_PM_at",7.19670002094696,5.60786855880707,-1.58883146213989,0.046269973896967
"1421007_PM_at",6.5634198074865,4.47511501178719,-2.0883047956993,0.00347335201904956
"1421034_PM_a_at",5.22438058478345,7.14459300740045,1.92021242261699,0.0241257302696613
"1421105_PM_at",7.77836748891283,8.8858058247028,1.10743833578997,0.004616401990805
"1421137_PM_a_at",5.0616041759859,3.31235672912829,-1.74924744685761,0.0167807049816764
"1421279_PM_at",6.20058097828268,7.49866802695853,1.29808704867584,0.0242561788947731
"1421343_PM_at",5.70924778172938,6.88128131492427,1.17203353319489,0.0218557817797226
"1421365_PM_at",7.59347954916756,5.94518512269846,-1.6482944264691,0.0485817506306753
"1421498_PM_a_at",5.80687080318674,7.24719459568207,1.44032379249532,0.0316204818807374
"1421529_PM_a_at",6.54225992811858,8.28248013043472,1.74022020231614,0.0473239172428758
"1421533_PM_at",7.43709765456401,8.9190424236251,1.48194476906109,0.0245283656553472
"1421545_PM_a_at",6.574478130408,4.98221156803457,-1.59226656237342,0.0226265848782647
"1421624_PM_a_at",5.76064013870503,7.76544714112977,2.00480700242473,0.0152843131105436
"1421656_PM_at",4.66774896553966,6.52135086837822,1.85360190283856,0.0233615719870903
"1421729_PM_a_at",5.45054526449679,7.67850896665897,2.22796370216218,0.000580120403632048
"1421811_PM_at",4.31556400454064,7.36313659523213,3.04757259069149,0.0287381606501422
"1421814_PM_at",6.28733219588374,8.07269916228098,1.78536696639724,0.0217358400187983
"1421817_PM_at",5.30761764209311,6.85746796028461,1.5498503181915,0.0233270685431592
"1421821_PM_at",7.57725590609941,9.30390334291913,1.72664743681972,0.0334303068294794
"1421847_PM_at",8.87242771743634,10.1135208645897,1.24109314715336,0.0462293288948446
"1421872_PM_at",7.3871661752556,8.51755586371414,1.13038968845854,0.0133114694923556
"1421874_PM_a_at",5.74005100472834,7.069042182326,1.32899117759766,0.00887324353558976
"1421890_PM_at",5.93653000360102,7.16668067142798,1.23015066782696,0.0226953892183401
"1421891_PM_at",4.41284124643382,6.56401882264767,2.15117757621385,0.00550846873281685
"1421967_PM_at",4.72945427451873,6.73766948423613,2.0082152097174,0.00609869151979354
"1421985_PM_a_at",7.10863026238612,8.47331137049595,1.36468110810983,0.00823142708774162
"1422008_PM_a_at",3.84723130090033,7.34486033399601,3.49762903309568,0.00808077835338575
"1422111_PM_at",7.25091520530341,5.39270058092103,-1.85821462438238,0.0480223719238989
"1422157_PM_a_at",4.68644802881585,6.38486315425577,1.69841512543992,0.022512594240123
"1422184_PM_a_at",4.35158037053843,6.48438129242639,2.13280092188796,0.0198048321416695
"1422268_PM_a_at",7.36592853910841,8.59590458904966,1.22997604994125,0.0433221961504951
"1422443_PM_at",6.54797461053395,8.00783653554844,1.45986192501448,0.0154219924622921
"1422444_PM_at",8.52977871841305,10.1416478540228,1.61186913560979,0.0327003336227455
"1422445_PM_at",8.7294247753337,9.75272433230926,1.02329955697555,0.0171079378968552
"1422482_PM_at",7.10750051648724,8.51316306427332,1.40566254778607,0.0451996289575688
"1422483_PM_a_at",7.92615478081527,9.53867644764788,1.61252166683261,0.0122859929080444
"1422540_PM_at",4.85090587198207,7.1535979099792,2.30269203799713,0.0167265680280907
"1422547_PM_at",7.57775428205683,9.23325277062311,1.65549848856627,0.00761811684301085
"1422557_PM_s_at",10.003612384483,11.1090915314918,1.10547914700871,0.0444015414531722
"1422573_PM_at",3.58875777548285,5.06165051648144,1.47289274099859,0.0335166600641799
"1422588_PM_at",3.54704278137794,10.6377994467323,7.09075666535437,0.00425229963033308
"1422591_PM_at",5.7073242560293,7.10404622872663,1.39672197269732,0.030976596076353
"1422608_PM_at",7.16283743630137,8.6704347042115,1.50759726791013,0.0193043644849877
"1422615_PM_at",5.50760485990638,7.71408613699847,2.20648127709209,0.0193097258752155
"1422628_PM_at",4.10694735986554,5.5526877776286,1.44574041776306,0.0149670859705385
"1422660_PM_at",8.54486051135706,10.1893356842578,1.64447517290075,0.0443607720549262
"1422663_PM_at",3.59043781592485,4.66702563570225,1.0765878197774,0.0271181593191927
"1422693_PM_a_at",7.31468686541956,8.89845889283969,1.58377202742013,0.013931630587305
"1422698_PM_s_at",7.44678499625963,9.07815689675289,1.63137190049327,0.00723036113992369
"1422706_PM_at",6.1790566696214,8.42612466590161,2.2470679962802,0.0139042763642791
"1422765_PM_at",4.64098553355163,6.38669687963107,1.74571134607945,0.02704147283553
"1422783_PM_a_at",6.59299192205917,11.6751457031016,5.08215378104242,0.0228812858705961
"1422845_PM_at",5.06743518305523,7.23441932833767,2.16698414528244,0.0441394914619533
"1422853_PM_at",6.01761809955138,7.60758048201821,1.58996238246683,0.0205832357100573
"1422880_PM_at",4.9394963409721,6.49927598112153,1.55977964014943,0.0442459694943247
"1422887_PM_a_at",4.92591297045088,6.49717857509353,1.57126560464265,0.0368159766603073
"1422906_PM_at",4.20253481154145,6.39328308924301,2.19074827770156,0.00971929451174187
"1422944_PM_a_at",4.19220745057189,5.82754962835251,1.63534217778062,0.0251693226418255
"1423025_PM_a_at",4.33011689562688,5.72218978318667,1.39207288755978,0.0380152364904436
"1423040_PM_at",7.00820006185142,8.75967803920664,1.75147797735522,0.0368843560754421
"1423093_PM_at",5.17137863002149,7.10105877566607,1.92968014564458,0.0318016350096485
"1423100_PM_at",6.24967718949808,9.54443884906591,3.29476165956783,0.0405102280957175
"1423113_PM_a_at",6.09855586823146,7.48513556180687,1.38657969357541,0.0215599909866194
"1423121_PM_at",4.91557961003205,6.52214221558314,1.6065626055511,0.0489700506474147
"1423159_PM_at",3.75818476110579,5.32473837570399,1.56655361459819,0.0172987801841883
"1423195_PM_at",3.41718691197987,4.5823225249509,1.16513561297103,0.03646489335632
"1423204_PM_at",6.20374513135433,7.29185425489484,1.08810912354051,0.0344515173796696
"1423240_PM_at",8.82073521925336,10.0213541358687,1.20061891661531,0.029563274045004
"1423247_PM_at",6.74856560695839,8.65087927102166,1.90231366406328,0.0379970037806879
"1423264_PM_at",7.72828961329106,8.8261555184064,1.09786590511534,0.0449667624556839
"1423306_PM_at",4.52288255431054,7.45435177447457,2.93146922016403,0.0293945695619893
"1423332_PM_at",5.70521722961326,7.43045720681715,1.72523997720389,0.0215228955995981
"1423341_PM_at",6.57605622383447,5.13237167722931,-1.44368454660516,0.0145563283576246
"1423464_PM_at",6.41663533710216,7.49715593671387,1.08052059961171,0.0205960366778401
"1423472_PM_at",5.91519080831559,7.29971300031332,1.38452219199773,0.00623594313589166
"1423511_PM_at",5.63130009326541,7.61554071248254,1.98424061921713,0.00493855979878623
"1423520_PM_at",4.96457981186397,6.34621733678859,1.38163752492462,0.0339744893300598
"1423567_PM_a_at",7.74904652452287,9.27002416722635,1.52097764270348,0.0204046552969591
"1423588_PM_at",6.19781235999928,7.49383290871878,1.2960205487195,0.0284398087175718
"1423657_PM_at",5.19562258303861,6.82227316858285,1.62665058554424,0.0335110487927867
"1423662_PM_at",3.8519386475575,6.02392087663834,2.17198222908084,0.0434054665389257
"1423664_PM_at",3.62952800538456,5.66081795735517,2.03128995197061,0.0391040285941715
"1423670_PM_a_at",6.07262145501532,7.45041135414955,1.37778989913423,0.00488314339813671
"1423722_PM_at",4.59633034534651,8.44211890206255,3.84578855671604,0.0307836417868471
"1423723_PM_s_at",7.64945732364523,9.01239863686507,1.36294131321983,0.0451555279520183
"1423724_PM_at",6.83075775705437,8.01795676115207,1.1871990040977,0.0206498173100778
"1423732_PM_at",4.84119262255023,6.27022166978784,1.42902904723761,0.00947876513390733
"1423735_PM_a_at",4.53270785606741,5.75577654749517,1.22306869142776,0.017762563355958
"1423744_PM_x_at",7.1468927358123,8.8679388523102,1.7210461164979,0.0224324574996003
"1423754_PM_at",10.0805365519669,11.2511993579298,1.17066280596292,0.0110174855979513
"1423760_PM_at",8.72965187860736,9.85893507056822,1.12928319196086,0.0462619247265295
"1423766_PM_at",5.55206043066343,7.67094471023614,2.11888427957272,0.0185828017094038
"1423775_PM_s_at",7.24721220532977,8.49375349220442,1.24654128687464,0.0216267447597731
"1423784_PM_at",8.08930814876856,9.68146526988004,1.59215712111148,0.00147375807482485
"1423847_PM_at",6.31927510869358,7.79585376334638,1.4765786546528,0.0485656034205565
"1423868_PM_at",4.70625189999732,6.09869093306601,1.39243903306869,0.0142462898983418
"1423880_PM_at",5.42233643461519,6.92448688048098,1.50215044586578,0.0119452678695866
"1423884_PM_at",5.5823909227987,8.00623365668921,2.42384273389051,0.029803422134412
"1423908_PM_at",5.84046996022771,7.50021373701043,1.65974377678272,0.017369453632178
"1423928_PM_at",6.72242452523415,7.89063905498143,1.16821452974728,0.0442521198205631
"1423957_PM_at",7.26705314875733,8.90428225259195,1.63722910383462,0.00736589062816382
"1423991_PM_at",7.41826460300798,8.66088872955933,1.24262412655136,0.0322619226768179
"1423996_PM_a_at",5.47520777080531,7.26767232956654,1.79246455876123,0.006702997773854
"1424018_PM_at",7.17644565711409,8.6227744240844,1.44632876697032,0.0123254299061134
"1424026_PM_s_at",5.25020258617169,6.81068049615681,1.56047790998512,0.0272073160415864
"1424040_PM_at",6.32226627444759,8.57051396897282,2.24824769452523,0.0372372290092547
"1424048_PM_a_at",5.11507166043092,6.16878627096406,1.05371461053314,0.0147076128454514
"1424067_PM_at",6.06577831060674,7.51581245184699,1.45003414124025,0.0391946818622911
"1424085_PM_at",7.86248019631072,9.90149947712691,2.03901928081619,0.00552425124580566
"1424111_PM_at",3.91607226909022,5.82603460281398,1.90996233372376,0.00330330748307906
"1424128_PM_x_at",4.92912486304566,7.55141812104573,2.62229325800006,0.00610320530892294
"1424170_PM_at",7.84061726618518,8.91015443399011,1.06953716780494,0.0238864745946265
"1424185_PM_a_at",6.88785487628594,8.20399298987905,1.31613811359311,0.0459402803459753
"1424268_PM_at",5.3622476637163,7.41547561904185,2.05322795532555,0.0388362244628076
"1424293_PM_s_at",2.5748648811774,3.69708972444251,1.12222484326511,0.0251365717678972
"1424294_PM_at",4.72349486090368,6.87968581241967,2.15619095151599,0.00225371378639098
"1424328_PM_s_at",5.26349656939074,6.55542070079438,1.29192413140364,0.0424296817394895
"1424343_PM_a_at",4.64157467318813,6.78169095614664,2.14011628295852,0.00214756024865616
"1424436_PM_at",5.74436563371407,7.11720216549154,1.37283653177747,0.00529837297234207
"1424440_PM_at",5.22522564410612,6.37313209915889,1.14790645505277,0.0272481271806587
"1424472_PM_at",6.88218708468369,7.93860810385016,1.05642101916647,0.00211201932875155
"1424498_PM_at",5.62722607973801,7.38580905892563,1.75858297918761,0.0294902275006058
"1424499_PM_s_at",5.46915291191213,7.09505617417989,1.62590326226776,0.0299212928152219
"1424512_PM_a_at",5.84301725045666,7.45835685235991,1.61533960190325,0.0218619332478098
"1424542_PM_at",4.58295254693917,5.81513592011321,1.23218337317404,0.0425342409082035
"1424620_PM_at",5.42926572323029,7.44656512476677,2.01729940153648,0.0143031538081155
"1424663_PM_at",4.43237023147851,5.97952282957066,1.54715259809216,0.0302574839430384
"1424665_PM_at",3.40014119730249,6.27998206143417,2.87984086413168,0.0448124243225006
"1424696_PM_at",5.97364813013519,7.33586341259325,1.36221528245806,0.00364253359563654
"1424740_PM_at",7.70603863955465,8.77482834285028,1.06878970329563,0.0193554288377402
"1424760_PM_a_at",6.50778661800037,7.63520150962013,1.12741489161976,0.0392971238381812
"1424769_PM_s_at",3.67511914999593,5.22152053363768,1.54640138364175,0.0320076662279621
"1424801_PM_at",6.76860144155743,8.05569727048343,1.287095828926,0.0317469271203007
"1424826_PM_s_at",4.14381991026123,5.55652959856913,1.4127096883079,0.0264941378662743
"1424883_PM_s_at",7.45394072310267,8.54777384664339,1.09383312354071,0.00300597948800272
"1424890_PM_at",3.86290405285596,7.42808130219333,3.56517724933737,0.00672849795299289
"1424907_PM_a_at",6.40136096724808,7.50087424631137,1.09951327906328,0.0352432289511231
"1424926_PM_at",5.21045531770644,6.60991409600482,1.39945877829839,0.024689253572944
"1424955_PM_at",4.71165203870678,6.09374398781862,1.38209194911184,0.0313939084474644
"1424968_PM_at",6.39741880029814,8.71481311113982,2.31739431084168,0.0349556376415391
"1425006_PM_a_at",7.05493334510304,8.2562897809873,1.20135643588425,0.00471822017951718
"1425020_PM_at",4.20380236327669,6.98607469107259,2.7822723277959,0.0256341302405829
"1425194_PM_a_at",7.97748700664228,9.29177535835864,1.31428835171636,0.0443851536819717
"1425196_PM_a_at",6.37738434456502,7.75780516652426,1.38042082195924,0.01866450076551
"1425272_PM_at",10.0521229583039,8.87968919369036,-1.1724337646135,0.0476693393712436
"1425339_PM_at",3.59950181309377,4.85973134059729,1.26022952750352,0.0292137260513929
"1425456_PM_a_at",8.69529391440982,9.73263759871924,1.03734368430942,0.0173948485761399
"1425475_PM_at",5.66253918473635,4.6092727539081,-1.05326643082825,0.0340192426044042
"1425587_PM_a_at",4.75964138238171,8.25546457565268,3.49582319327097,0.0151268178590789
"1425649_PM_at",4.2433186168505,5.25577952872623,1.01246091187573,0.0128697440495843
"1425663_PM_at",8.80708956811363,7.50390378702545,-1.30318578108819,0.0349555539210981
"1425711_PM_a_at",8.08546610022385,9.21304736918508,1.12758126896123,0.035738513017005
"1425725_PM_s_at",6.20923196735666,4.60725770065594,-1.60197426670072,0.0315315107623299
"1425899_PM_a_at",4.810151639346,6.66778298477432,1.85763134542832,0.0136576972576583
"1426010_PM_a_at",7.1822890391621,9.20942489723315,2.02713585807106,0.0324564905911799
"1426030_PM_a_at",6.17565021439175,7.78630865926115,1.6106584448694,0.00121037827869123
"1426053_PM_a_at",5.1042949530237,6.86720433523961,1.7629093822159,0.0266799563373084
"1426085_PM_a_at",6.32572591056404,7.85812433851735,1.53239842795331,0.0348084860524817
"1426117_PM_a_at",6.54882072749945,8.73189612419846,2.18307539669901,0.00336104708855858
"1426118_PM_a_at",7.02995940334142,9.00102231828575,1.97106291494433,0.0349376040122126
"1426165_PM_a_at",4.78503937380306,6.43933910777011,1.65429973396705,0.00120033246673029
"1426184_PM_a_at",5.68518282751819,7.41697600955678,1.73179318203859,0.0252973539595546
"1426230_PM_at",7.89423674348431,6.23799756329725,-1.65623918018706,0.0341924195953154
"1426264_PM_at",4.09220033583366,6.84316530093406,2.7509649651004,0.0104412788426377
"1426265_PM_x_at",4.26498657759595,6.60535764925868,2.34037107166273,0.0321038181496614
"1426307_PM_at",5.11930592020304,6.21591821555676,1.09661229535372,0.0468116553239894
"1426356_PM_at",7.12601687611204,8.307353915723,1.18133703961096,0.0080473055703046
"1426400_PM_a_at",8.44455030496091,10.1865204047699,1.74197009980896,0.0125342275984811
"1426429_PM_at",6.24609729868152,4.21641114738517,-2.02968615129635,0.0254346092066019
"1426454_PM_at",9.02638494178898,10.1104496085224,1.08406466673342,0.0272647955885726
"1426475_PM_at",5.97994869504042,7.30947777970639,1.32952908466597,0.00505144985246794
"1426561_PM_a_at",5.63129712709814,4.42067253589185,-1.2106245912063,0.0261529032212679
"1426594_PM_at",6.43109476453327,7.84109437819157,1.4099996136583,0.000692476083645108
"1426613_PM_a_at",5.18813399536902,6.63103302150233,1.44289902613331,0.0181613012617165
"1426653_PM_at",6.09428628258895,7.89896085715724,1.80467457456829,0.0308865938844859
"1426662_PM_at",5.69262949060436,7.37845460310429,1.68582511249993,0.0149135094380334
"1426673_PM_at",6.90372188064264,8.43964874870484,1.5359268680622,0.0232104134360888
"1426677_PM_at",7.77695703764734,9.30205409529204,1.5250970576447,0.0418330377862164
"1426695_PM_at",5.28304276681847,6.71141640566143,1.42837363884296,0.00401144801846709
"1426705_PM_s_at",5.82501828607156,7.91177344698515,2.0867551609136,0.0332257736448849
"1426708_PM_at",5.1902502870419,8.3250208622604,3.1347705752185,0.00834702649561326
"1426717_PM_at",3.84754358562864,5.28296003388923,1.43541644826059,0.0229569266703757
"1426720_PM_at",3.80108645046917,5.16040884308389,1.35932239261472,0.0420920775655945
"1426783_PM_at",4.87908792847369,6.07665360067902,1.19756567220533,0.0403324261676984
"1426790_PM_at",6.62412489690133,8.02777799314407,1.40365309624274,0.00397208358130741
"1426800_PM_at",5.01277776400246,6.89406209452032,1.88128433051786,9.86021713305236e-05
"1426842_PM_at",4.37874426744294,5.63972024701884,1.2609759795759,0.00937992842476563
"1426846_PM_at",5.92624187875548,6.99295520044467,1.06671332168919,0.00656558743102779
"1426853_PM_at",8.60643550512618,9.76094273516707,1.15450723004089,0.00778783992817849
"1426918_PM_at",6.65024376380955,9.16969116712319,2.51944740331364,0.00708372789368359
"1426945_PM_at",8.589921935216,9.86809954945369,1.27817761423769,0.0349231581419667
"1426995_PM_a_at",4.60015923229176,5.86889188355002,1.26873265125826,0.00499974801194251
"1427019_PM_at",4.60187799568847,6.18334748351371,1.58146948782524,0.0459547637551816
"1427021_PM_s_at",7.84510615055623,9.40183849709953,1.5567323465433,0.000839102765954466
"1427032_PM_at",5.78052001140906,7.39888478459693,1.61836477318788,0.0192913746149251
"1427161_PM_at",6.17702173200194,7.95638194930057,1.77936021729863,0.00521713483403785
"1427164_PM_at",6.24473271780699,8.51738888341907,2.27265616561209,0.0322050402120954
"1427229_PM_at",2.99858323163242,4.15164266099471,1.15305942936228,0.00148052633775674
"1427250_PM_at",8.29102807063849,10.4227711989743,2.13174312833583,0.0108088189696366
"1427276_PM_at",7.90371493647864,9.44523795040301,1.54152301392437,0.02517216911637
"1427350_PM_a_at",7.58729276533875,6.57901091475596,-1.00828185058279,0.0378297371786647
"1427353_PM_at",5.04446388547232,7.0017592008279,1.95729531535558,0.0148080917384108
"1427364_PM_a_at",6.11896336644136,9.42139506721531,3.30243170077395,0.00330723370149742
"1427382_PM_a_at",4.97357357737953,6.41519102511264,1.44161744773312,0.0194627775743882
"1427385_PM_s_at",7.28787882627873,9.72904588559567,2.44116705931694,0.0298605692491488
"1427512_PM_a_at",9.3131610901699,10.3435700986228,1.03040900845287,0.00723572080664293
"1427534_PM_at",4.49038946844251,3.45570928921091,-1.0346801792316,0.0201047523679037
"1427539_PM_a_at",6.27893558867504,7.70662575506366,1.42769016638862,0.00631947891354174
"1427559_PM_a_at",4.70242193449386,6.345167999863,1.64274606536914,0.00771799997593717
"1427670_PM_a_at",4.1778113601761,5.29885358543877,1.12104222526267,0.0429767595783236
"1427700_PM_x_at",6.94823636191213,11.4065957788491,4.458359416937,0.0256406110434488
"1427705_PM_a_at",5.88798430046677,7.2529960919168,1.36501179145003,0.0486696915354216
"1427747_PM_a_at",5.21501090988587,8.44010524274389,3.22509433285802,0.000792659973071233
"1427771_PM_x_at",6.51103688543339,7.66408963091106,1.15305274547767,0.0145470557248001
"1427785_PM_x_at",5.50510649518705,7.05190681723609,1.54680032204904,0.0499672509206414
"1427885_PM_at",6.49719884091112,8.06032291229807,1.56312407138695,0.0390063964699998
"1427886_PM_at",6.85621085268546,9.22813290159081,2.37192204890536,0.0112952171472078
"1427914_PM_a_at",7.98190991586666,9.13670288542662,1.15479296955996,0.0192999367950647
"1427923_PM_at",5.39639033696025,7.29977989824105,1.9033895612808,0.0066784304931318
"1427930_PM_at",6.42882556093562,5.37074773694461,-1.05807782399101,0.00847335708764859
"1427997_PM_at",4.24737811464202,6.57782560776824,2.33044749312622,0.0117106277054048
"1428004_PM_at",5.95986422582657,7.38469866267015,1.42483443684358,0.0434560641388291
"1428112_PM_at",7.87161269654742,9.40591779588824,1.53430509934083,0.0279119649243439
"1428123_PM_at",4.03307193886517,5.42218750452576,1.38911556566059,0.0377779087573817
"1428198_PM_at",4.2053826676166,6.15306933366086,1.94768666604426,0.0480141969604494
"1428232_PM_at",4.6187742922077,6.1793498441933,1.5605755519856,0.0114411507926083
"1428262_PM_s_at",7.8612667802041,9.46642313892943,1.60515635872533,0.0460228210362571
"1428291_PM_at",5.0522253004899,7.15365304565278,2.10142774516289,0.0451721605683789
"1428293_PM_at",6.83536865838659,8.19687792797655,1.36150926958996,0.0264413676837895
"1428330_PM_at",6.05087103924898,4.31262589265695,-1.73824514659203,0.0475473280260661
"1428407_PM_at",5.58165364545202,7.33395294589689,1.75229930044487,0.0433370590133551
"1428441_PM_at",6.15667992920018,7.3339231176095,1.17724318840932,0.0244149294071261
"1428485_PM_at",7.31907050822872,8.75236201888418,1.43329151065546,0.0118527532144294
"1428488_PM_at",4.61873319744407,5.86222753911205,1.24349434166797,0.0308852799106964
"1428510_PM_at",5.16145167860132,6.82060885961341,1.65915718101208,0.0422273500675369
"1428519_PM_at",5.81476574968033,7.73246251765719,1.91769676797685,0.0419864704018231
"1428543_PM_at",3.67974086047544,6.91886084394745,3.23911998347201,0.006661746308992
"1428552_PM_at",5.88961216377982,8.12871455973609,2.23910239595627,0.0351737446972955
"1428585_PM_at",4.25064280761268,6.36889889212885,2.11825608451617,0.0361079112469666
"1428587_PM_at",5.63936939508538,7.3920399641044,1.75267056901902,0.0150233714224214
"1428637_PM_at",5.916820383213,7.06080174359282,1.14398136037982,0.0419768613818239
"1428666_PM_at",8.15644537135765,9.62242794431375,1.4659825729561,0.0216974841601879
"1428667_PM_at",5.94020559575042,7.56032635329913,1.6201207575487,0.0369875172653199
"1428715_PM_at",4.62690520903993,5.75449662904018,1.12759142000025,0.0246747014785254
"1428742_PM_at",6.44539197768892,5.24024822837863,-1.20514374931029,0.00700956510515324
"1428772_PM_at",3.23785835743322,5.10586866128493,1.86801030385171,0.0458451992207868
"1428783_PM_at",7.06278367277394,8.68307426711238,1.62029059433844,0.0306165416557341
"1428851_PM_at",5.90906999258868,8.73845076443666,2.82938077184798,0.031416811832741
"1428905_PM_at",5.42979034004187,7.6230705287749,2.19328018873304,0.00480950963406002
"1428906_PM_at",7.35812855499966,8.65815359733081,1.30002504233115,0.0428796451609846
"1428942_PM_at",9.01204657543167,10.9437933220463,1.93174674661464,0.0250124940952146
"1429032_PM_at",6.10789555539565,4.14616209770687,-1.96173345768877,0.0487132491646529
"1429137_PM_at",4.30447434334932,5.33964580656439,1.03517146321507,0.00174243048625848
"1429171_PM_a_at",5.50585719470397,7.74860742092073,2.24275022621676,0.00296430461916019
"1429227_PM_x_at",6.05427100413752,7.83158239506298,1.77731139092546,0.0076189797879502
"1429291_PM_at",8.30275768295133,9.48748977110132,1.18473208814999,0.0317747899593945
"1429336_PM_at",4.62829429052272,5.90946197719638,1.28116768667366,0.0292161534959666
"1429370_PM_a_at",7.0497407438701,8.0959469821823,1.04620623831221,0.0144941817106083
"1429459_PM_at",4.58875676010845,2.86136233678268,-1.72739442332577,0.0100296289908433
"1429475_PM_at",3.99086389621083,7.77510035726476,3.78423646105392,0.000806398183923108
"1429559_PM_at",6.0075840988284,7.38391847499798,1.37633437616958,0.0213398654910488
"1429734_PM_at",3.80611004136595,4.88302347916364,1.07691343779769,0.0313969235388786
"1429763_PM_at",8.41436169159135,9.67958806172208,1.26522637013073,0.0388137079947829
"1429775_PM_a_at",5.7516344331034,3.49767912200256,-2.25395531110084,0.017157319269636
"1429776_PM_a_at",4.86464845166253,6.68236590057671,1.81771744891418,0.00144054624449411
"1429859_PM_a_at",6.29028273284692,7.35488607562737,1.06460334278045,0.0315885896998676
"1430022_PM_at",6.32355623503182,7.84841670016824,1.52486046513643,0.0113813772082148
"1430053_PM_a_at",4.23729008214806,6.60899750239686,2.3717074202488,0.0422300919786663
"1430117_PM_a_at",6.11419399656377,7.51806865945525,1.40387466289148,0.00456119496997344
"1430125_PM_s_at",7.28289680155432,9.19914909451701,1.91625229296269,0.0321300177206992
"1430134_PM_a_at",4.66927000970973,6.4441870685027,1.77491705879297,0.0318553038915155
"1430289_PM_a_at",6.25691444919352,7.82717860297019,1.57026415377667,0.0169518637559897
"1430343_PM_at",4.86543973586676,6.84159964988328,1.97615991401652,0.00659177918057554
"1430423_PM_s_at",4.97928811919354,6.39010018444763,1.4108120652541,0.0450196107793157
"1430577_PM_at",5.05255235301163,6.44425047481344,1.39169812180181,0.00745107400426979
"1431005_PM_at",4.83873347656227,6.73194054598772,1.89320706942545,0.028964377189345
"1431036_PM_a_at",5.18873980201146,6.3626403316306,1.17390052961914,0.0181085985603177
"1431086_PM_s_at",4.19603599232656,7.12012576108515,2.9240897687586,0.0367380820318943
"1431162_PM_a_at",5.99598248629224,7.90542976746095,1.90944728116872,0.0082544779866604
"1431179_PM_at",3.06705994722711,4.46390339869043,1.39684345146332,0.0123507529511684
"1431187_PM_s_at",6.03540480884188,7.40741859039459,1.37201378155271,0.016477193254822
"1431277_PM_at",6.62772075562681,5.05337944284554,-1.57434131278127,0.0169465740700194
"1431322_PM_at",5.55569283594811,6.93441151770711,1.37871868175899,0.00454059251955158
"1431339_PM_a_at",6.56231292066533,7.93311721666753,1.3708042960022,0.00569790374935974
"1431497_PM_at",5.25885905158231,7.28835564794955,2.02949659636724,0.0397693516177391
"1431505_PM_at",3.06910604607659,7.00145204698791,3.93234600091132,0.0318933753606059
"1431527_PM_at",7.00921716049302,5.82510000050933,-1.18411715998369,0.0499656164913323
"1431691_PM_a_at",4.86992969550442,8.63262049357893,3.76269079807451,0.0142649928944643
"1431786_PM_s_at",9.30197460577065,11.0958647242221,1.79389011845147,0.0150803988740307
"1432016_PM_a_at",5.96629139795513,7.03575982497644,1.0694684270213,0.0306392781763452
"1432130_PM_a_at",2.73223123297261,3.87100083310443,1.13876960013183,0.0362411109127488
"1432164_PM_a_at",7.10213568722433,9.01556741663837,1.91343172941404,0.00814371626163031
"1432188_PM_s_at",4.72180415989295,6.33487135667592,1.61306719678297,0.0496871089165296
"1432271_PM_a_at",5.07465544368879,6.75347883125233,1.67882338756353,0.0199520648406852
"1432332_PM_a_at",4.18979767941695,5.61294260085401,1.42314492143706,0.0455811282535269
"1432372_PM_a_at",7.10721391816433,8.68807531810463,1.58086139994031,0.0136766970792687
"1432394_PM_a_at",6.36237091313213,7.85366226132416,1.49129134819204,0.0177049055620537
"1432464_PM_a_at",7.61697743600243,6.42494358027069,-1.19203385573174,0.0181249010939871
"1432549_PM_s_at",5.18063465561708,6.66901197695643,1.48837732133935,0.0195163917893237
"1432648_PM_at",7.4066905209307,5.94701422673834,-1.45967629419236,0.0493731537547614
"1432656_PM_at",4.57450063831926,6.67607588396123,2.10157524564198,0.0229838183736783
"1432920_PM_at",4.74696170351355,3.64812427750312,-1.09883742601043,0.0418547502599853
"1433133_PM_at",6.27359771224077,5.15359897165417,-1.1199987405866,0.0344314614923894
"1433174_PM_a_at",4.139920345879,5.7371373460896,1.5972170002106,0.00930843304984309
"1433440_PM_x_at",6.74140759162219,8.33546116262979,1.5940535710076,0.00978505094898159
"1433470_PM_a_at",4.354355533473,5.94628846373887,1.59193293026587,0.0493621800900656
"1433485_PM_x_at",7.86117501881693,8.95769197962856,1.09651696081163,0.0252861834016644
"1433513_PM_x_at",6.88017305156329,8.49011022065653,1.60993716909324,0.000750117436830918
"1433534_PM_a_at",6.93027483123711,8.51956452754146,1.58928969630435,0.0365750358882402
"1433555_PM_at",3.75851752618979,5.42411564564073,1.66559811945094,0.00500208884676977
"1433611_PM_s_at",5.25867533631623,7.53536277652811,2.27668744021188,0.00373146622170183
"1433627_PM_at",4.80981876631261,6.68349752530602,1.8736787589934,0.0191201691896194
"1433685_PM_a_at",5.06001364155963,6.39031035269685,1.33029671113722,0.0355559310319325
"1433753_PM_x_at",5.31834677409991,6.3618683787263,1.04352160462639,0.013290383762209
"1433806_PM_x_at",6.53836518769403,8.56710682398393,2.02874163628991,0.0314666728296128
"1433834_PM_at",4.13558368512204,5.33717258747838,1.20158890235634,0.0204879396730813
"1433878_PM_at",6.70763298365726,7.97029943084399,1.26266644718673,0.0453143547296765
"1433923_PM_at",10.0089516807319,4.32147545351757,-5.68747622721436,0.00912999425529083
"1433998_PM_at",4.31269038790051,5.64322543788827,1.33053504998776,0.0203271226565998
"1434005_PM_at",7.23528178267977,8.45424850481227,1.21896672213249,0.0318377116549491
"1434011_PM_a_at",7.35868454783729,8.63349514695073,1.27481059911344,0.0283853392501133
"1434036_PM_at",4.34180906904608,6.31757086003042,1.97576179098434,0.0086018732507317
"1434079_PM_s_at",5.06627305636427,7.5410027675899,2.47472971122563,0.0113333632532366
"1434104_PM_at",5.39996384579706,6.81303153850013,1.41306769270307,0.0447227560415698
"1434113_PM_a_at",6.49929381822331,7.62985830841054,1.13056449018722,0.0155525512956905
"1434155_PM_a_at",4.93153526589966,7.27464208412627,2.34310681822661,0.0254709389276014
"1434173_PM_s_at",6.03247667811062,8.16969912185039,2.13722244373977,0.048522638565872
"1434268_PM_at",5.04784863699369,6.30298690037754,1.25513826338385,0.0431217140120951
"1434281_PM_at",4.40285829753068,5.92853337746515,1.52567507993447,0.0412751674511876
"1434337_PM_at",6.18861295651652,7.46433635578489,1.27572339926837,0.02143128305233
"1434348_PM_at",4.94811905886522,6.20446886490131,1.2563498060361,0.0255069558007948
"1434376_PM_at",8.00409147373866,9.47528287872055,1.47119140498189,0.0368804822000158
"1434382_PM_at",7.6906993179894,9.20598640201733,1.51528708402793,0.042908590105224
"1434388_PM_at",4.30223603906024,6.79223440425144,2.48999836519119,0.00291152186445202
"1434398_PM_at",4.498876243781,5.8950331277619,1.3961568839809,0.033903601246055
"1434447_PM_at",6.93913672509031,8.42813253824936,1.48899581315905,0.0180608773981332
"1434579_PM_x_at",5.47655656824224,7.84328722521551,2.36673065697327,0.0105442412076747
"1434586_PM_a_at",3.8365753562202,4.98996561346161,1.15339025724141,0.0339404665701613
"1434589_PM_x_at",4.46748850757156,5.81754537227823,1.35005686470666,0.0246364007659137
"1434599_PM_a_at",5.20533274879576,6.53660656027669,1.33127381148093,0.0259934760027051
"1434605_PM_at",5.39435269824316,7.33155018671124,1.93719748846808,0.0137806567546148
"1434648_PM_a_at",3.39151800461477,5.11568845907394,1.72417045445917,0.0460809545754581
"1434653_PM_at",4.96197548793949,6.45794277692975,1.49596728899026,0.0184508740683314
"1434657_PM_at",5.76164591836409,7.41406874483989,1.6524228264758,0.0144068820021004
"1434708_PM_at",3.62813673130668,4.80343608223222,1.17529935092555,0.0191658598194713
"1434764_PM_at",4.05149682074731,5.44641597041026,1.39491914966295,0.035183393998577
"1434773_PM_a_at",8.57578994383802,9.63655835078811,1.06076840695009,0.0494491010023636
"1434822_PM_at",5.45666230391491,6.96764028839561,1.5109779844807,0.0104537051956634
"1434867_PM_at",4.21774907157893,5.83299487373361,1.61524580215468,0.000934798706891244
"1434877_PM_at",4.79233239504999,6.42576420470037,1.63343180965037,0.037508883969363
"1434879_PM_at",6.17430590895896,7.49142002825266,1.31711411929371,0.0348989271820509
"1434920_PM_a_at",4.34197130368021,5.98542486013198,1.64345355645177,0.00806995488137795
"1434976_PM_x_at",4.76217823562266,6.88167551886857,2.11949728324591,0.0113671072856204
"1434979_PM_at",2.97024850310881,4.07289246860624,1.10264396549743,0.00564047851470877
"1434986_PM_a_at",7.72706624066021,8.94483261206148,1.21776637140127,0.0272960683517253
"1435031_PM_at",4.18094014241947,5.45764482410575,1.27670468168628,0.00437875974182525
"1435035_PM_at",4.92590160401102,6.02909850773707,1.10319690372605,0.0230801436275353
"1435140_PM_at",6.01400426636658,7.55800001937852,1.54399575301194,0.0371422381227392
"1435329_PM_at",4.92899779113875,6.81563605759845,1.8866382664597,0.0119590961924427
"1435335_PM_a_at",3.55884692053435,5.64590300953825,2.08705608900391,0.0466153784274797
"1435474_PM_at",4.74698683721535,6.64394751094559,1.89696067373024,0.025497151174831
"1435491_PM_at",4.17005538547212,5.21205462302748,1.04199923755536,0.0246229649883841
"1435509_PM_x_at",7.49112908924708,9.01569091624825,1.52456182700117,0.00579294594199465
"1435531_PM_at",5.14340566248646,6.32284652086611,1.17944085837965,0.0334917078989959
"1435602_PM_at",6.01222832132509,7.96365977936568,1.95143145804059,0.0275931393322886
"1435631_PM_x_at",5.98365045902246,7.69611246653589,1.71246200751343,0.032635015411644
"1435639_PM_at",4.64001934257949,10.5150795338216,5.87506019124213,7.66548565832179e-05
"1435645_PM_at",3.91847977375713,5.38937330628305,1.47089353252592,0.0390793329571645
"1435652_PM_a_at",5.82885515737974,7.42161087934616,1.59275572196642,0.023706978718795
"1435690_PM_at",6.33678649347731,7.5064699021344,1.16968340865709,0.0463875147594126
"1435732_PM_x_at",7.52766341709271,8.68120420034815,1.15354078325544,0.0415621669522512
"1435761_PM_at",7.58857943194275,10.8113993842711,3.22281995232835,0.035422780378556
"1435803_PM_a_at",6.82700369485748,8.77089750714702,1.94389381228954,0.0191264057972412
"1436156_PM_at",6.31597321326162,7.5604227309916,1.24444951772998,0.0259095959950928
"1436157_PM_at",6.08073166674298,7.66213307711141,1.58140141036844,0.0327214987966724
"1436179_PM_a_at",4.16558838420215,5.60752002436217,1.44193164016002,0.0381278512235328
"1436420_PM_a_at",3.71298472601782,6.06248748939371,2.34950276337589,0.0308336717986256
"1436505_PM_at",5.76271928696153,7.4704935058712,1.70777421890967,0.0370000108552605
"1436515_PM_at",5.13790039248074,3.45653565146389,-1.68136474101685,0.0012073440316052
"1436528_PM_at",5.99488763952026,4.28853901297363,-1.70634862654664,0.000666151721480413
"1436544_PM_at",4.42541603974631,5.83883511733107,1.41341907758476,0.00700416304232924
"1436621_PM_at",5.93258532816578,4.7466609689778,-1.18592435918798,0.0224472081015586
"1436689_PM_a_at",6.69305800846842,8.28702775620211,1.59396974773369,0.0067290997594584
"1436704_PM_x_at",3.43725810804391,5.26344253666781,1.8261844286239,0.0288037468412713
"1436707_PM_x_at",4.79437170851209,6.7540694509781,1.95969774246602,0.00175980598670477
"1436729_PM_at",5.57484343168692,6.67767197978369,1.10282854809677,0.00212916637243239
"1436797_PM_a_at",8.75566098923325,10.3015732198806,1.54591223064733,0.00151457286392376
"1436805_PM_at",5.21072556632909,6.66294245460864,1.45221688827954,0.0346314461660712
"1436808_PM_x_at",5.96671806333845,8.78712808322162,2.82041001988318,0.0486702501756374
"1436816_PM_at",5.80525816096515,8.11318850452684,2.30793034356169,0.0115450189291661
"1436824_PM_x_at",5.99705865863097,7.59519045129541,1.59813179266444,0.047861728725272
"1436836_PM_x_at",3.16562142041357,4.19508297450405,1.02946155409048,0.00183534404894265
"1436838_PM_x_at",6.7468200679691,9.23770628416366,2.49088621619455,0.0294132618534074
"1436847_PM_s_at",9.03921580743008,10.196755553943,1.15753974651295,0.0489168945108228
"1436848_PM_x_at",3.79942304184971,6.46366958452961,2.6642465426799,0.0299166047224585
"1436866_PM_at",6.14348649183283,7.83636646888342,1.69287997705059,0.0365739798293921
"1436874_PM_x_at",8.68533922968231,9.780767219808,1.09542799012568,0.0465123820598988
"1436902_PM_x_at",7.37321888053957,9.30484407237994,1.93162519184037,0.0298652380464895
"1436907_PM_at",3.39540151807599,5.98001437920496,2.58461286112897,0.0199097728519392
"1436917_PM_s_at",3.75307202287419,5.26268260316804,1.50961058029384,0.0322948533519772
"1436919_PM_at",6.8617879509661,7.86537905923072,1.00359110826461,0.0370822339781914
"1436930_PM_x_at",5.52558788963773,6.80576602715792,1.28017813752019,0.036744189416617
"1436934_PM_s_at",5.62026188907389,6.78696497030714,1.16670308123325,0.0253344374917368
"1436947_PM_a_at",6.64537877348991,8.29592027112471,1.65054149763481,0.00110129734395188
"1436990_PM_s_at",5.02951626489141,7.05809123740555,2.02857497251413,0.0275864424726989
"1437069_PM_at",4.52277026770344,6.83041163032993,2.30764136262649,0.0127184340400043
"1437073_PM_x_at",5.16290574805278,6.17953413708925,1.01662838903647,0.000306785755209008
"1437102_PM_at",7.19552732668614,8.20511751967299,1.00959019298685,0.0219117432129334
"1437110_PM_at",4.0064279656162,6.73052336629658,2.72409540068038,0.00866921734926709
"1437144_PM_x_at",8.5340824736772,9.69302524334866,1.15894276967146,0.0262073515776367
"1437184_PM_at",4.89305515243709,3.39357134975715,-1.49948380267994,0.0326749286047467
"1437226_PM_x_at",5.95580839827083,8.12423189127913,2.1684234930083,0.0226856270697387
"1437251_PM_at",5.45239575029407,6.51930048033256,1.06690473003849,0.0450599530739139
"1437278_PM_a_at",6.6751151708317,8.47474548755934,1.79963031672764,0.0221871493685797
"1437296_PM_at",6.24831270590975,8.26956321488899,2.02125050897924,0.0433184485449265
"1437313_PM_x_at",4.77923875458847,6.11242718421133,1.33318842962286,0.031184839410956
"1437327_PM_x_at",3.5045884692435,5.60073017240619,2.09614170316269,0.0374455202559586
"1437336_PM_x_at",8.04468696795395,9.06021916533068,1.01553219737673,0.0190659100182367
"1437398_PM_a_at",8.19923202103767,9.5833071634003,1.38407514236263,0.0281970434996846
"1437465_PM_a_at",8.49379957982056,9.98505968820614,1.49126010838558,0.00359199637952879
"1437477_PM_at",6.36759756328551,8.17229947886321,1.8047019155777,0.0485254297255112
"1437478_PM_s_at",7.32213715863105,8.8358262289962,1.51368907036515,0.025611623913426
"1437490_PM_x_at",3.62312663340713,5.10105907266842,1.47793243926129,0.0408486022490249
"1437497_PM_a_at",7.73734432857221,9.01847945873613,1.28113513016392,0.0121333995166553
"1437503_PM_a_at",8.96286874397031,10.0034751167687,1.04060637279835,0.0444987340192808
"1437606_PM_at",5.51250848626799,6.71997807994597,1.20746959367798,0.0206552681469373
"1437611_PM_x_at",5.81988172005105,7.77985006580942,1.95996834575836,0.00379525916122704
"1437621_PM_x_at",6.10984119976815,7.81092630494487,1.70108510517672,0.00672463631938062
"1437682_PM_x_at",3.59726358927134,4.78321579480257,1.18595220553123,0.00987980602707868
"1437688_PM_x_at",7.8230379341413,9.26492753557855,1.44188960143725,0.0358794984521271
"1437711_PM_x_at",7.09681545783963,10.0366443190704,2.93982886123079,0.00171375267476198
"1437723_PM_s_at",5.07275984964066,6.41210436807745,1.33934451843679,0.0126258775718355
"1437811_PM_x_at",4.52263348083718,5.63751319523309,1.11487971439592,0.0444284608611594
"1437985_PM_a_at",5.51439588620101,6.80910887757519,1.29471299137418,0.045538668399049
"1437995_PM_x_at",4.15560425403829,5.24689028593161,1.09128603189332,0.037508936350479
"1438014_PM_at",6.78356116837983,8.02331206145517,1.23975089307534,0.0220904702202878
"1438016_PM_at",3.82509066689339,5.57991598135942,1.75482531446603,0.0058968904514255
"1438021_PM_at",3.60843560043363,4.7925418762001,1.18410627576646,0.0100121299445822
"1438091_PM_a_at",9.42859076714777,10.8495452815615,1.42095451441372,0.0154646825918013
"1438092_PM_x_at",8.12382620213648,9.56095747749636,1.43713127535989,0.0143908615910238
"1438133_PM_a_at",5.47189522178881,7.75254588518938,2.28065066340057,0.013060244882956
"1438164_PM_x_at",4.81057466861293,9.06308225179863,4.25250758318571,0.0224559829557858
"1438195_PM_at",4.48674419645861,6.85597204569033,2.36922784923173,0.0213573055207224
"1438206_PM_a_at",7.11198357251767,8.2062110862645,1.09422751374684,0.0125451859615964
"1438211_PM_s_at",9.44816347567277,7.30537870627612,-2.14278476939665,0.00419859832589834
"1438243_PM_at",4.81999862619672,7.05149514559109,2.23149651939437,0.0472125738118175
"1438250_PM_s_at",4.80524809641289,7.36894953697513,2.56370144056224,0.0414146715057309
"1438286_PM_at",4.3471898192675,5.92760438215368,1.58041456288618,0.0184827950287234
"1438294_PM_at",3.75515029352684,6.0002622166111,2.24511192308427,0.00153125912484859
"1438321_PM_x_at",5.08737278960606,6.63445786015998,1.54708507055392,0.0308274102282779
"1438322_PM_x_at",5.59317566159291,7.14808123298791,1.554905571395,0.0137841798289481
"1438510_PM_a_at",7.1192145414253,8.90018893186374,1.78097439043843,0.00527820618190565
"1438513_PM_at",6.32735323578231,5.30711227097856,-1.02024096480375,0.017656600740208
"1438562_PM_a_at",3.667345131219,4.75132352217516,1.08397839095616,0.0348560389428587
"1438563_PM_s_at",5.93863613501141,7.60559111736099,1.66695498234958,0.0214356817823881
"1438633_PM_x_at",5.98182949590269,7.48389578252878,1.50206628662609,0.0121943331271788
"1438634_PM_x_at",6.06035062891852,7.87593471754005,1.81558408862153,0.00693379087220282
"1438679_PM_at",7.0343547663145,8.38370384395882,1.34934907764432,0.021151283763122
"1438761_PM_a_at",6.83537284328794,9.76033606840602,2.92496322511808,0.00733643636484125
"1438948_PM_x_at",6.18049997677004,7.69867204811513,1.5181720713451,0.031577245260084
"1438955_PM_x_at",3.86486555819858,6.11615676901202,2.25129121081344,0.0216955098852806
"1438976_PM_x_at",6.22279763311515,7.30559015149038,1.08279251837523,0.0186223293843704
"1439014_PM_at",5.38366685296411,6.98966051395536,1.60599366099125,0.0449585766413531
"1439016_PM_x_at",7.67228920646099,11.2692457125649,3.59695650610392,0.00807336934501571
"1439027_PM_at",3.93304309378939,5.12815737875699,1.1951142849676,0.0339082748428222
"1439070_PM_x_at",8.54465394802531,7.1798780716093,-1.36477587641601,0.0239671856135554
"1439264_PM_x_at",4.45948772071849,5.99920950593797,1.53972178521948,0.0153389350452968
"1439267_PM_x_at",7.99500205279241,9.32603168345721,1.33102963066481,0.000615401383644374
"1439367_PM_x_at",6.06023256532426,7.16016922132879,1.09993665600452,0.00400075455636566
"1439371_PM_x_at",5.25875331871981,6.39833889191901,1.1395855731992,0.0384505640327524
"1439377_PM_x_at",8.22649142532355,9.63018104974221,1.40368962441866,0.0271814621773677
"1439394_PM_x_at",6.89161278679043,8.12229824521199,1.23068545842156,0.0441915351438094
"1439403_PM_x_at",6.4313219771956,8.56636237618125,2.13504039898566,0.016734195668333
"1439407_PM_x_at",4.40163420438642,5.59218746749294,1.19055326310652,0.0261218793240136
"1439413_PM_x_at",7.88238533476851,9.06434292359109,1.18195758882257,0.00482020498612635
"1439516_PM_at",4.33787838860312,5.69881450969447,1.36093612109135,0.0475900934838325
"1440167_PM_s_at",9.09406671022193,7.91941372105863,-1.1746529891633,0.0134976091996644
"1440192_PM_at",5.23934988058058,6.70859249459788,1.4692426140173,0.00306481499039661
"1440199_PM_at",6.48790557805084,8.20709072963976,1.71918515158892,0.0352451255197262
"1440481_PM_at",4.27686693184098,5.8267250974034,1.54985816556241,0.0442229341294946
"1440601_PM_at",5.02354170669269,3.77267824267526,-1.25086346401743,0.030463555991686
"1440685_PM_at",5.52969198960242,4.3481954333066,-1.18149655629582,0.0495898963980708
"1440708_PM_at",5.36075411750332,6.47317018641968,1.11241606891637,0.0116820478392106
"1440715_PM_s_at",5.1785305258332,6.95785639002361,1.77932586419041,0.0489946446965739
"1440841_PM_at",5.31649842752524,4.1752699169798,-1.14122851054544,0.000986533424888771
"1440857_PM_at",5.86350881440079,7.59461544080111,1.73110662640032,0.0415469561442645
"1441229_PM_at",5.06965394253463,6.29005472953983,1.22040078700519,0.00686252494845217
"1441315_PM_s_at",4.38389725098145,5.656902182697,1.27300493171555,0.0062877971141443
"1441520_PM_at",5.75309617338089,7.28204999814299,1.5289538247621,0.0209475668732378
"1441529_PM_at",4.59986172228392,5.90939328995479,1.30953156767087,0.00750242474735387
"1441574_PM_at",4.61945434477946,5.62828796781875,1.0088336230393,0.000688150371797469
"1441645_PM_s_at",4.89109926736032,6.16859247963265,1.27749321227233,0.0391775951670742
"1441840_PM_x_at",6.12296366376388,7.36538014219421,1.24241647843033,0.00993026288972639
"1441891_PM_x_at",5.49428544890419,6.89464713690042,1.40036168799623,0.00664115472461056
"1441967_PM_at",6.0101885010858,7.23440960308303,1.22422110199723,0.0345671395277115
"1442099_PM_at",4.26025503539551,5.85733403121724,1.59707899582173,0.0498882459149717
"1442137_PM_at",7.35417944202214,6.31716542514465,-1.03701401687749,0.0376289112527719
"1442340_PM_x_at",4.69431924030572,6.82472127981172,2.130402039506,0.0184433731433667
"1442435_PM_at",6.8170761322962,5.45715147377408,-1.35992465852212,0.0437950816838315
"1442512_PM_at",5.87032531474875,4.74161358075133,-1.12871173399742,0.0469200780117077
"1442536_PM_at",5.61668901214741,4.44086577691062,-1.17582323523679,0.030410459780272
"1442793_PM_s_at",7.42224370060194,8.58332842997711,1.16108472937516,0.0332517491449678
"1442936_PM_at",9.18442156609859,10.5397198926998,1.35529832660125,0.029252284262161
"1442951_PM_at",5.88761181246798,7.32849562946626,1.44088381699828,0.0338921389693345
"1443211_PM_at",4.694298333945,3.6101702539979,-1.0841280799471,0.0136415232238101
"1443337_PM_at",4.89007766165124,7.43227564461531,2.54219798296407,0.00747175234674825
"1443389_PM_at",6.97279337567706,5.85049416387947,-1.12229921179758,0.0360277361785199
"1443694_PM_at",4.44473944793925,6.38630889862393,1.94156945068468,0.0135070301355144
"1443721_PM_x_at",4.99269904689989,6.8484381366816,1.85573908978172,0.0180006990369807
"1444261_PM_at",7.29956537171657,5.9859931544954,-1.31357221722117,0.0283591899167924
"1444559_PM_at",5.66717223014449,4.03702537916335,-1.63014685098113,0.0272455179106485
"1444788_PM_x_at",4.15435589187067,5.26286218497482,1.10850629310415,0.0365812850150877
"1444998_PM_at",5.50239024224782,4.40494892819551,-1.09744131405231,0.0332938365280288
"1445161_PM_at",4.06601347772264,5.8847770571411,1.81876357941847,0.0310846882243968
"1445350_PM_at",6.69464361997619,7.7279981852787,1.0333545653025,0.0397111982543891
"1445933_PM_at",6.07429522598249,5.01619965343283,-1.05809557254966,0.0269591704667372
"1446022_PM_at",6.73725289967275,5.72519476555437,-1.01205813411838,0.0230262598071399
"1446043_PM_at",6.91594141953529,5.23034788104152,-1.68559353849377,0.048032789207661
"1446420_PM_at",4.72684964607751,3.53863889583793,-1.18821075023957,0.0176179207301118
"1446963_PM_at",6.67286647644606,5.15405863113345,-1.51880784531261,0.00723779965702228
"1447086_PM_at",5.83766525589794,3.9622512386736,-1.87541401722433,0.00771918629468628
"1447460_PM_at",5.14170680145163,6.43136735945186,1.28966055800023,0.0222115642156883
"1447471_PM_at",4.00115086198073,5.56719522426517,1.56604436228444,0.00269777264802498
"1447681_PM_x_at",5.43698037771313,4.29818208633231,-1.13879829138082,0.0300308356661907
"1447776_PM_x_at",6.01157055758226,7.8198919937696,1.80832143618734,0.0487033520519897
"1447783_PM_x_at",4.65371400461716,6.43467652625137,1.78096252163421,0.035047387877771
"1447800_PM_x_at",8.01216723656222,6.84806445793579,-1.16410277862642,0.0182215333202747
"1447909_PM_s_at",4.62448312338747,6.68985664965527,2.0653735262678,0.00849196446014142
"1448013_PM_at",4.54605195357326,6.69416742718833,2.14811547361507,0.0256674877166165
"1448123_PM_s_at",9.65961729354105,10.711135831363,1.05151853782196,0.0356178615135261
"1448129_PM_at",6.99098448189678,8.26979337252231,1.27880889062553,0.0432249036775733
"1448140_PM_at",4.52511558732551,5.86492681992489,1.33981123259938,0.0323927891803128
"1448175_PM_at",6.55895669565452,7.95119407042787,1.39223737477335,0.0209187385158369
"1448178_PM_a_at",8.48841540886541,9.91586903825811,1.4274536293927,0.0378345892811503
"1448180_PM_a_at",7.32687211154014,8.4480111031652,1.12113899162506,0.00683410793624809
"1448183_PM_a_at",8.58537552298269,10.0694127743635,1.48403725138085,0.0486366650288153
"1448205_PM_at",4.75608650780075,7.67140263864415,2.91531613084341,0.00423929047234588
"1448222_PM_x_at",8.25121097833179,9.30449755737525,1.05328657904346,0.0298474526010893
"1448233_PM_at",6.84057321598269,8.3869926073362,1.54641939135351,0.0401412446933111
"1448242_PM_at",8.10987522994585,9.43977986316664,1.32990463322079,0.0088827793824506
"1448263_PM_a_at",8.04735573644496,9.14923435572697,1.10187861928201,0.0270380812012021
"1448271_PM_a_at",7.82530455223629,9.22950579651263,1.40420124427634,0.00520015427267625
"1448276_PM_at",4.84213433308338,5.92166978061436,1.07953544753098,0.0458155292734275
"1448283_PM_a_at",7.77632150137885,9.38666507906945,1.6103435776906,0.0372859332102852
"1448284_PM_a_at",8.22241546162573,9.52456329126743,1.3021478296417,0.0168429368136569
"1448295_PM_at",6.11189211334854,7.39058789544917,1.27869578210063,0.0107697035844604
"1448314_PM_at",6.42978104971234,8.7921653576138,2.36238430790146,0.0196229566528678
"1448315_PM_a_at",5.32310760702397,6.48737365047815,1.16426604345418,0.00980773557606617
"1448318_PM_at",6.41076343982919,8.50054406419706,2.08978062436787,0.0310521807827602
"1448319_PM_at",6.43060612520519,8.16865346446789,1.73804733926271,0.0407933328687347
"1448347_PM_a_at",7.40174632116224,8.65326856021869,1.25152223905645,0.016117381693797
"1448441_PM_at",6.68370290014192,8.88818098591851,2.20447808577659,0.0152354779627652
"1448451_PM_at",7.36655716013224,8.6158498701613,1.24929271002906,0.00392817793288138
"1448483_PM_a_at",7.17782439830467,8.19783776769712,1.02001336939245,0.00713657506781652
"1448515_PM_at",6.86394213580858,7.92147797007175,1.05753583426317,0.0405387137221623
"1448526_PM_at",6.54445088792134,7.93820606689299,1.39375517897165,0.0190691148923487
"1448564_PM_at",6.12956541685233,7.23674170807675,1.10717629122442,0.0275867021132234
"1448568_PM_a_at",5.60863670703861,7.96436157348098,2.35572486644237,0.0181224330157556
"1448571_PM_a_at",4.81310739786634,7.5789755314787,2.76586813361236,0.0202099994184744
"1448582_PM_at",5.08156589252462,6.66557551042675,1.58400961790214,0.019210631489401
"1448612_PM_at",8.40463431594776,9.89033915862306,1.4857048426753,0.0422490533916254
"1448651_PM_at",4.74140393904181,6.17757449123244,1.43617055219063,0.0256377446810868
"1448670_PM_at",5.65306604129635,6.93130204366457,1.27823600236822,0.0375670797996812
"1448691_PM_at",6.23071193831254,7.84258871516863,1.61187677685609,0.0337098218282102
"1448758_PM_at",4.54047175532164,6.17987397447707,1.63940221915542,0.0476764066393274
"1448794_PM_s_at",4.48628382326637,5.96001723546068,1.47373341219431,0.0400539479417687
"1448796_PM_s_at",3.92494506637659,5.16964280342998,1.24469773705339,0.0265455307836202
"1448820_PM_a_at",8.87404772939993,9.91432138279252,1.04027365339259,0.0140750892042583
"1448870_PM_at",4.85722647305585,7.19466917179564,2.33744269873979,0.0255033468390156
"1448887_PM_x_at",5.8048872785202,7.4055635633839,1.6006762848637,0.0252048946371216
"1448894_PM_at",4.71377205297397,7.48318191912984,2.76940986615587,0.00278771219348499
"1448896_PM_at",5.76329623960488,7.27343641195332,1.51014017234844,0.00761407770462457
"1448903_PM_at",7.5223119101081,8.67237131439139,1.15005940428329,0.0251626176064194
"1448932_PM_at",6.4010816759205,10.7106384034285,4.309556727508,0.0381711444353053
"1448958_PM_at",5.22687106991389,6.8699313006104,1.64306023069651,0.0465656893074555
"1449002_PM_at",6.6212221358366,8.12768665129787,1.50646451546126,0.00933704731169767
"1449011_PM_at",3.45766235362735,4.95183111425228,1.49416876062492,0.0396957426527074
"1449040_PM_a_at",6.71324888823402,8.57566257902401,1.86241369079,0.0183848987623528
"1449086_PM_at",5.88748126033793,7.37668812964318,1.48920686930525,0.0249133645238289
"1449087_PM_at",4.93224460573934,6.80617493903087,1.87393033329154,0.0114095190383878
"1449089_PM_at",5.11126607090111,6.46206222909059,1.35079615818947,0.0257632950632864
"1449139_PM_at",7.0944343233297,8.82387447178419,1.72944014845449,0.0115215798146111
"1449140_PM_at",3.55729128876287,4.94080739620632,1.38351610744345,0.00428516577571387
"1449149_PM_at",3.94733451930051,5.60863935430339,1.66130483500287,0.0202835601169203
"1449202_PM_at",5.78588108486136,4.67406888242037,-1.11181220244099,0.0215691000061497
"1449221_PM_a_at",4.14190545822557,6.618271370723,2.47636591249743,0.0439464809280659
"1449249_PM_at",3.6310979891151,6.25781248023351,2.62671449111841,0.00646505251595192
"1449256_PM_a_at",7.3630956407214,8.56769934476599,1.20460370404459,0.0366287216071096
"1449341_PM_a_at",6.38163629200778,7.71659091348435,1.33495462147656,0.0221171830929709
"1449353_PM_at",5.32584076095647,6.60694449404485,1.28110373308839,0.0217828404447068
"1449357_PM_at",3.4694914333675,4.59120056307423,1.12170912970673,0.0487664978142299
"1449390_PM_at",6.56051746604688,7.69623312046191,1.13571565441504,0.0237857819595389
"1449446_PM_at",5.94064497093262,7.14698944450789,1.20634447357527,0.0326463360530059
"1449450_PM_at",6.89652159936674,8.44539555933112,1.54887395996438,0.0432800259367347
"1449480_PM_at",5.41694682901086,4.3247663211722,-1.09218050783867,0.0147664796117246
"1449701_PM_at",6.84780616666489,8.50083163539308,1.65302546872819,0.0413181879804871
"1449839_PM_at",4.78816948394917,6.19065951639082,1.40249003244165,0.047251343445533
"1449855_PM_s_at",6.27989878633357,7.8918314207883,1.61193263445472,0.0378708521959862
"1449901_PM_a_at",7.89473868918647,8.95337211007409,1.05863342088762,0.0153640711808165
"1449945_PM_at",4.18858165172564,5.78650973262194,1.5979280808963,0.0360591772438329
"1450016_PM_at",6.8260800673134,8.49736095487537,1.67128088756197,0.0376998458992063
"1450040_PM_at",7.59175880218674,6.35099132656334,-1.2407674756234,0.0156875389772787
"1450100_PM_a_at",5.31139503740588,6.71954224082251,1.40814720341663,0.0231224283009564
"1450110_PM_at",8.88459906410913,6.83997519894522,-2.04462386516391,0.00521242923083126
"1450138_PM_a_at",7.25726374360089,8.64063323472501,1.38336949112412,0.033221155117337
"1450149_PM_a_at",8.11904382575713,9.31986628484803,1.2008224590909,0.0390892274072898
"1450185_PM_a_at",4.36734408452191,6.65711685980917,2.28977277528725,0.0164288627202955
"1450406_PM_a_at",5.11526028242186,3.95066883995444,-1.16459144246742,0.043758655165383
"1450470_PM_at",5.08474984941814,3.26184401036409,-1.82290583905405,0.0237625438199119
"1450618_PM_a_at",8.5764818488772,12.0907429368307,3.51426108795349,0.0433162010737131
"1450630_PM_at",6.6835226731665,8.10113237679041,1.41760970362391,0.0189458174691547
"1450650_PM_at",6.89773554458978,8.31558791262496,1.41785236803519,0.0105236525625619
"1450697_PM_at",6.32049761028901,7.45075507199766,1.13025746170864,0.0315712560363884
"1450705_PM_at",5.04091745143337,6.56298781869588,1.52207036726252,0.0473826544849172
"1450716_PM_at",4.7745046636588,6.67737811940236,1.90287345574356,0.0444859100434289
"1450729_PM_at",4.41590717616292,6.08748341127679,1.67157623511387,0.0185202386829258
"1450735_PM_at",4.61997048780923,6.25125665878179,1.63128617097256,0.0484657898942293
"1450744_PM_at",3.27754783272047,5.24249987217803,1.96495203945756,0.0475940658246426
"1450755_PM_at",6.76051718932243,7.82346137180536,1.06294418248293,0.0437259482668992
"1450777_PM_at",7.48123165436609,9.15670773518655,1.67547608082045,0.0180878210874533
"1450778_PM_a_at",5.56003955082524,7.42149714806207,1.86145759723683,0.0381618564390283
"1450842_PM_a_at",5.91180321920351,7.91684278002711,2.0050395608236,0.0292786921039389
"1450845_PM_a_at",6.82130422656073,9.68190631449638,2.86060208793565,0.00533196726653746
"1450846_PM_at",7.35892817992645,8.92439324823905,1.5654650683126,0.0253321727562127
"1450866_PM_a_at",7.35589787335905,8.70279514770343,1.34689727434437,0.0286012014159463
"1450897_PM_at",4.15401420592106,5.29183588010522,1.13782167418416,0.0360346753624379
"1450920_PM_at",5.38931722816107,7.32928242082126,1.93996519266019,0.00435570686085181
"1450944_PM_at",6.62088501866185,5.5005317589833,-1.12035325967855,0.0339129859502009
"1450954_PM_at",3.55430507876712,4.59819814053046,1.04389306176334,0.0243383287280627
"1451026_PM_at",5.59066915267959,7.64900792299305,2.05833877031346,0.0343774042987739
"1451039_PM_at",5.52892362024541,6.63368387600975,1.10476025576434,0.0477943944937336
"1451056_PM_at",7.82104362661867,9.16537247594145,1.34432884932278,0.00464740881554597
"1451065_PM_a_at",7.48319771972475,9.27791030436781,1.79471258464306,0.0392629410814367
"1451071_PM_a_at",4.01696371432124,7.69817976708007,3.68121605275883,0.0327871236344467
"1451112_PM_s_at",5.86551592295829,7.71051765466747,1.84500173170918,0.0431910143025209
"1451119_PM_a_at",7.06760327129902,9.76121907257487,2.69361580127585,0.0256019694542446
"1451124_PM_at",8.87849728274119,9.8844401083904,1.00594282564922,0.0382336506065134
"1451131_PM_at",7.94540942987279,9.36413846048886,1.41872903061607,0.0198902755448326
"1451175_PM_at",5.53182216065677,6.55977292811978,1.02795076746301,0.03123054665526
"1451192_PM_a_at",5.06661534436545,6.22090098581908,1.15428564145363,0.040221960624855
"1451246_PM_s_at",6.42330157554,8.03566731456937,1.61236573902936,0.0173438918862489
"1451262_PM_a_at",6.04835897682215,7.32941987311351,1.28106089629135,0.0366753491699413
"1451272_PM_a_at",4.75406651626455,7.47884266331438,2.72477614704983,0.0479490912109763
"1451296_PM_x_at",7.15848369245453,8.38708139348274,1.22859770102821,0.0230204374994346
"1451310_PM_a_at",6.69114631535779,10.1585966201831,3.46745030482536,0.0308509417604329
"1451316_PM_a_at",6.10873598094335,7.54104472576141,1.43230874481806,0.0468009429993845
"1451356_PM_at",5.62625220627681,7.30802042438495,1.68176821810814,0.0219264175233925
"1451375_PM_at",3.90579616553075,6.34971931941426,2.44392315388351,0.0187759337603544
"1451649_PM_a_at",5.64242458298345,6.84802025559299,1.20559567260954,0.0418524594282631
"1451660_PM_a_at",4.58631035081325,3.47085059698408,-1.11545975382917,0.0170748316469995
"1451703_PM_s_at",8.31881617713072,10.1422295167664,1.82341333963569,0.0305168604433398
"1451743_PM_at",5.00616410445284,6.18905041112924,1.1828863066764,0.00505639507935782
"1451913_PM_a_at",5.19537872343471,7.20397522701982,2.00859650358512,0.0304659137423126
"1451928_PM_a_at",4.39004479523982,6.1745128969445,1.78446810170469,0.0161346623248896
"1451932_PM_a_at",5.79364948711007,4.70254875255855,-1.09110073455152,0.0450571828807794
"1451977_PM_at",3.53269068637926,5.12364842569325,1.590957739314,0.0307403928718672
"1451979_PM_at",3.45278449503237,5.22086785597759,1.76808336094522,0.00762604557088681
"1452002_PM_at",4.11783738632893,5.17799576121674,1.06015837488782,0.0463263616245479
"1452017_PM_at",6.418184051341,7.80713075133028,1.38894669998928,0.041497785588469
"1452040_PM_a_at",6.20871608310775,7.81125346943879,1.60253738633104,0.0107337661718729
"1452047_PM_at",6.0452564643139,7.83921263326485,1.79395616895094,0.00859141121861257
"1452076_PM_at",4.58618610908998,6.3324848067516,1.74629869766162,0.034831213079713
"1452083_PM_a_at",4.1375895905673,6.44815186440553,2.31056227383823,0.00777387364545233
"1452085_PM_at",5.88724992094158,7.01114147630192,1.12389155536034,0.0481932215925576
"1452101_PM_at",6.60047349254952,8.14147067341608,1.54099718086656,0.0407321303515383
"1452123_PM_s_at",4.40521880943366,6.718860580002,2.31364177056835,0.0357404585731404
"1452138_PM_a_at",5.53697617630713,3.71455519245113,-1.822420983856,0.0230668851295496
"1452139_PM_at",6.73205309269486,7.94580227161575,1.21374917892089,0.0328212182631916
"1452141_PM_a_at",5.34481303501322,3.32308742254927,-2.02172561246395,0.0381885194762001
"1452160_PM_at",3.70283803042837,5.95359990566477,2.2507618752364,0.0361881738247629
"1452181_PM_at",6.78026212862013,8.16700672001406,1.38674459139393,0.0283252413395241
"1452184_PM_at",6.51270696568595,7.85339017677256,1.34068321108661,0.036779893493435
"1452200_PM_at",6.23842314309157,7.41418683031991,1.17576368722834,0.0257171080767693
"1452223_PM_s_at",4.16189964173763,5.9324273159068,1.77052767416916,0.00601143052260311
"1452269_PM_at",7.01731381123508,5.97117441180961,-1.04613939942547,0.031418327324386
"1452364_PM_at",5.3887726721354,6.65736414002523,1.26859146788983,0.0278160157139644
"1452412_PM_at",5.77108170453718,4.27666813136157,-1.49441357317561,0.0235605444454194
"1452418_PM_at",8.95831449867674,10.0086154872141,1.0503009885374,0.0329211192124926
"1452483_PM_a_at",6.96950346714486,8.96463072726043,1.99512726011557,0.0323884148743233
"1452545_PM_a_at",7.89434048683517,9.84247034132278,1.94812985448761,0.0406188131183766
"1452635_PM_x_at",3.86698222112108,5.68856517129199,1.82158295017091,0.0430765077622939
"1452673_PM_at",6.6894785689682,7.77540201648606,1.08592344751786,0.00590343084608104
"1452681_PM_at",6.39890606724172,8.29882676176408,1.89992069452236,0.0187009993777082
"1452713_PM_a_at",5.00034407001761,6.76946717456301,1.7691231045454,0.00603631642985121
"1452742_PM_at",5.89208356767621,7.50502285527715,1.61293928760093,0.0243176238335063
"1452768_PM_at",6.11353349495441,7.96626066180088,1.85272716684646,0.0475354248648047
"1452778_PM_x_at",6.68823503854761,7.97857404089992,1.29033900235231,0.01862385810281
"1452789_PM_at",5.50194671925972,7.50278020482415,2.00083348556443,0.0476885760714908
"1452830_PM_s_at",5.44769993755491,7.41583129075823,1.96813135320332,0.0141165278338812
"1452880_PM_at",4.51648530965646,5.69658152479348,1.18009621513702,0.044347301032663
"1452939_PM_a_at",4.62475533555691,6.84887916720714,2.22412383165023,0.0290577005689755
"1452940_PM_x_at",5.30228548366773,7.21588527179714,1.91359978812941,0.0252231916489562
"1452943_PM_at",8.37511862920961,7.19389164141883,-1.18122698779078,0.0277437045692014
"1452953_PM_at",4.15976290140436,5.17625596100434,1.01649305959998,0.0261019932405332
"1453010_PM_at",5.11076813410879,6.46268668155862,1.35191854744983,0.0282218914282353
"1453041_PM_at",5.61724339600906,4.00137869775681,-1.61586469825226,0.0208982238447737
"1453052_PM_at",6.0796299632732,7.11274115575326,1.03311119248005,0.00978968758388024
"1453111_PM_a_at",6.873467102625,8.24054239036731,1.36707528774232,0.00295834033083487
"1453183_PM_at",4.17517600753862,5.98910802022847,1.81393201268985,0.0129161185940498
"1453304_PM_s_at",6.78468126908183,9.71560443080671,2.93092316172488,0.019105385157963
"1453473_PM_a_at",7.10350987993184,9.46024993323657,2.35674005330473,0.00462689462939285
"1453511_PM_at",6.71342376399918,4.54464416568166,-2.16877959831752,0.0110402601382772
"1453764_PM_at",6.16413619936873,4.52538064013136,-1.63875555923737,0.0134475866237285
"1453797_PM_at",8.17731373409065,9.34208830909591,1.16477457500526,0.029099561402046
"1453976_PM_at",4.00223988609558,5.11571200528756,1.11347211919198,0.0297695039433381
"1454015_PM_a_at",8.85542701606219,7.12449702396857,-1.73092999209361,0.0312505188564567
"1454607_PM_s_at",8.92960507732922,9.92995365033283,1.00034857300361,0.0384198028050564
"1454611_PM_a_at",7.68571194100721,9.36544332054125,1.67973137953403,0.0144259947263262
"1454612_PM_at",4.85746448024561,6.66370196530502,1.8062374850594,0.0159540124821999
"1454613_PM_at",5.1209134141014,3.22237305329328,-1.89854036080813,0.0265323937140264
"1454631_PM_at",3.44902658760708,5.27744343649887,1.82841684889179,0.00850673262404976
"1454746_PM_at",5.30051100334946,6.50232238775154,1.20181138440208,0.0062764831021625
"1454811_PM_a_at",3.73779526128446,5.04455515331107,1.30675989202661,0.0498274939364068
"1454917_PM_at",3.95281795519414,5.50892030419371,1.55610234899957,0.0438928374689175
"1454976_PM_at",3.64696450890203,5.86679439523844,2.21982988633641,0.0432083317737242
"1455048_PM_at",6.91220585463752,8.79182452869313,1.87961867405561,0.0497552022324127
"1455102_PM_at",4.30390664495568,5.97388972066621,1.66998307571053,0.0461606572419299
"1455158_PM_at",7.29810855575171,9.02938423774603,1.73127568199432,0.0187709708305066
"1455181_PM_at",3.59574941372083,4.9039752677843,1.30822585406348,0.00247462870588179
"1455268_PM_at",4.78178666622231,6.16513227475746,1.38334560853515,0.0409481059098002
"1455283_PM_x_at",5.30616814665668,7.88183546880075,2.57566732214407,0.00123755139941046
"1455385_PM_at",6.10949922088507,7.73705755148802,1.62755833060296,0.0389206971098243
"1455420_PM_at",4.25959685268975,5.58684939689046,1.32725254420071,0.0169702185958927
"1455470_PM_x_at",4.44798614698529,5.85369673921725,1.40571059223196,0.0326749305770874
"1455477_PM_s_at",7.28563150826202,5.94538871910908,-1.34024278915294,0.0444925137057571
"1455478_PM_at",5.56621574251495,6.70207526401807,1.13585952150312,0.00685648131147533
"1455493_PM_at",6.84632462188458,5.73557560386273,-1.11074901802185,0.0184858752004165
"1455563_PM_at",5.87112630793674,6.92078929550862,1.04966298757188,0.0299583966544653
"1455571_PM_x_at",7.99111486137127,10.05833564262,2.06722078124872,0.0454782446693797
"1455600_PM_at",6.1893036794183,8.56413058972423,2.37482691030593,0.0354009704672891
"1455658_PM_at",5.47418489639276,6.83983446731406,1.3656495709213,0.0366842237346579
"1455773_PM_at",5.12830048814644,6.49127690788229,1.36297641973584,0.0445649139110525
"1455806_PM_x_at",6.4808692774882,8.21386465962204,1.73299538213384,0.000200450155353819
"1455822_PM_x_at",6.11294301056293,7.53520017271653,1.4222571621536,0.0149826675415247
"1455834_PM_x_at",4.93957944615986,6.52838163261006,1.5888021864502,0.0247317592406325
"1455841_PM_s_at",6.26531862001753,8.15407856998806,1.88875994997054,0.00358774652788588
"1455854_PM_a_at",3.01401191723158,6.58642157895713,3.57240966172555,0.0191664592339635
"1455876_PM_at",4.57612027649837,7.1563296488945,2.58020937239613,0.0342001172525264
"1455899_PM_x_at",5.20134562703677,8.81255889770699,3.61121327067023,0.00885756033566686
"1455908_PM_a_at",3.46686272010401,4.59443367358374,1.12757095347973,0.0399237104348084
"1455940_PM_x_at",5.64587438981817,7.29301625552053,1.64714186570237,0.0396511307957836
"1455941_PM_s_at",3.52019386808553,5.13253104991345,1.61233718182792,0.0112454389575506
"1456032_PM_x_at",8.00532951829306,9.39769048823264,1.39236096993958,0.00696397578931048
"1456036_PM_x_at",6.11935089056054,8.21840528401355,2.09905439345301,0.00181382521699249
"1456040_PM_at",6.29426189910962,7.32913782165439,1.03487592254477,0.0383003681145181
"1456071_PM_a_at",7.14196503854919,8.89068577854146,1.74872073999228,0.0144452801876468
"1456102_PM_a_at",5.12185761972732,6.82966907346309,1.70781145373577,0.0450287918393646
"1456107_PM_x_at",5.56413054177171,7.014636202395,1.4505056606233,0.0465752259920483
"1456170_PM_x_at",7.16364267346461,8.84830183108978,1.68465915762517,0.048203665293648
"1456195_PM_x_at",5.60096636890665,4.32701125790618,-1.27395511100048,0.0495556062634837
"1456212_PM_x_at",5.74215519938202,8.87675212198189,3.13459692259987,0.0333265169069509
"1456251_PM_x_at",5.56362858801832,7.20783518425829,1.64420659623998,0.0331997430532212
"1456312_PM_x_at",10.8021482525693,8.4379065079574,-2.36424174461192,0.0439163389645229
"1456314_PM_x_at",7.02968904129752,8.37710986144031,1.34742082014279,0.0123201417184071
"1456315_PM_a_at",5.10745730299784,6.74522324681344,1.6377659438156,0.00873732838412272
"1456378_PM_s_at",3.77185910912436,5.25394719625685,1.48208808713249,0.0447558404483367
"1456380_PM_x_at",3.14146322276981,4.49901079849748,1.35754757572766,0.0378075505178362
"1456569_PM_x_at",7.21536162388989,5.90742260646159,-1.3079390174283,0.0115238645202902
"1456577_PM_x_at",4.47839700693014,6.08758554299213,1.60918853606199,0.0147650687825985
"1456584_PM_x_at",5.32525363025025,6.3757240590168,1.05047042876656,0.00842638979236778
"1456586_PM_x_at",6.85860239483499,7.90729639278834,1.04869399795335,0.0265344090375754
"1456617_PM_a_at",8.28404446691176,9.75783606292958,1.47379159601782,0.0284670921984873
"1456626_PM_a_at",5.1270917249913,6.82355196109528,1.69646023610398,0.0404144773725143
"1456677_PM_at",3.26811274321677,4.27803375860953,1.00992101539276,0.0313960969257805
"1456700_PM_x_at",6.45471233248454,7.79209024010274,1.3373779076182,0.0372398180395041
"1456754_PM_at",4.46936354778033,6.12850570941702,1.65914216163669,0.0396419836066991
"1456891_PM_at",4.62586399076595,5.97827835185003,1.35241436108408,0.0335889759951015
"1457017_PM_at",3.30264301259783,4.33490800724017,1.03226499464234,0.0260885415970701
"1457040_PM_at",3.86115590945587,6.59955931041326,2.73840340095738,0.0159354833162803
"1457184_PM_at",8.48261839900317,6.80305310892495,-1.67956529007822,0.0144118856267737
"1457434_PM_s_at",3.99495648507952,6.82179480844049,2.82683832336097,0.00180535156075978
"1457669_PM_x_at",6.52909131976803,7.65847549695936,1.12938417719133,0.0252794409112589
"1457680_PM_a_at",3.92156514669254,5.34174905726806,1.42018391057552,0.0451558843876657
"1457799_PM_at",3.28665550335352,4.31109526537234,1.02443976201882,0.0356319466428428
"1457823_PM_at",4.63462997787679,6.72850829952997,2.09387832165319,0.0173085095215999
"1458308_PM_at",5.55183824368681,6.88811334309041,1.3362750994036,0.0442473866349417
"1458449_PM_at",4.91442563070016,6.08869926133244,1.17427363063228,0.0368630584671152
"1458525_PM_at",7.92652137963498,6.45540413520341,-1.47111724443157,0.0292972359200942
"1458634_PM_at",6.43331859057036,4.79713544381991,-1.63618314675045,0.0486432285047293
"1458747_PM_at",5.6553391306325,4.3498924949204,-1.30544663571209,0.00601152816619152
"1459088_PM_at",5.34536691437369,4.29939054504884,-1.04597636932485,0.0420561445542683
"1459102_PM_at",5.35554672227461,4.35212326573506,-1.00342345653956,0.0286948418182739
"1459366_PM_at",6.0271902895343,5.00064612145187,-1.02654416808243,0.0373274702378324
"1459385_PM_at",6.17709832457015,8.02574503355571,1.84864670898556,0.0127653577313942
"1459423_PM_at",5.635559237654,4.53438369374318,-1.10117554391082,0.0480687256245287
"1459987_PM_s_at",8.67540115816437,10.036563554321,1.36116239615661,0.0176984252464731
"1460010_PM_a_at",3.71366400533532,4.89381643953186,1.18015243419654,0.0311607439312562
"1460011_PM_at",4.93057296296314,6.31398053320233,1.38340757023919,0.0473520303460642
"1460170_PM_at",4.62958406004503,6.36147256544789,1.73188850540286,0.0194202265257795
"1460186_PM_at",6.73619110021612,8.15757233669685,1.42138123648073,0.00616504477223745
"1460237_PM_at",5.57357219596797,7.46461448949459,1.89104229352662,0.0492730418041342
"1460249_PM_at",5.03286101170591,6.44207920206841,1.4092181903625,0.023428269502229
"1460263_PM_at",6.27235712815934,7.69424908108255,1.42189195292322,0.0320188483454166
"1460265_PM_at",8.56653646174323,10.0252319948944,1.45869553315117,0.0466687912891462
"1460276_PM_a_at",7.63670405005305,6.51215273163842,-1.12455131841463,0.0107707862531376
"1460323_PM_at",6.46388819257089,7.59354682379653,1.12965863122563,0.0237482231828811
"1460392_PM_a_at",6.61322145539266,7.81549604221467,1.20227458682201,0.0242638768188599
"1460428_PM_at",6.19421130094989,7.63320721611814,1.43899591516825,0.0151402673583092
"1460656_PM_a_at",5.95623434569839,7.14746933737435,1.19123499167596,0.00909274858316827
"1460704_PM_at",6.63980891538102,7.76554079953366,1.12573188415263,0.0283196803882745
"1460707_PM_at",7.35175207649514,8.75514585585706,1.40339377936192,0.01011901093194
"AFFX-TransRecMur/X57349_3_at",3.62936531591759,4.76157548977828,1.13221017386069,0.0404750546667427
