"","baseMean","log2FoldChange","lfcSE","stat","pvalue","padj"
"ENSG00000120129",1808.36798960203,-1.44492531291569,0.0665611552978412,-21.7082366802392,1.71512470362204e-104,2.2766565315879e-100
"ENSG00000161654",836.531312990037,-1.98678958708431,0.0925313722192804,-21.4715240834863,2.87435950244935e-102,1.90771240177564e-98
"ENSG00000073756",9880.29562123206,-0.770444608466134,0.0532564070920057,-14.4667027036787,1.96676965894118e-47,8.7023001509284e-44
"ENSG00000154734",2396.63866856771,-0.947365385397737,0.0678954672246251,-13.9532935573369,3.00405997430921e-44,9.96897302474513e-41
"ENSG00000078401",1463.4942428104,-1.00437226226429,0.0761545469693703,-13.188605306368,1.02055881557506e-39,2.70937954358866e-36
"ENSG00000145824",1145.35562180981,1.41520071642809,0.111976384216253,12.638385551859,1.29689525029694e-36,2.8691645920736e-33
"ENSG00000123689",964.501632049951,-0.909851391694936,0.0826008889075272,-11.0150314812414,3.23423531458744e-28,6.13303422369052e-25
"ENSG00000169715",2515.99285471921,-0.776552746855505,0.071926329168009,-10.7965018629214,3.5756802838227e-27,5.92853176099763e-24
"ENSG00000185633",822.783471153005,0.984899448729442,0.0913149046459576,10.7857468892735,4.01964636499764e-27,5.92853176099763e-24
"ENSG00000185966",356.160214106217,-1.20904915326036,0.121130579526002,-9.98137017086448,1.83909393962e-23,2.44121329545159e-20
"ENSG00000163202",681.151977120881,-1.0432695956621,0.106533976559764,-9.79283444917535,1.20859401455073e-22,1.45844335901331e-19
"ENSG00000130600",10878.7631255051,0.506833528948392,0.0530097241256329,9.56114255088743,1.16463766387033e-21,1.28828336251789e-18
"ENSG00000116741",1212.09163547097,-0.712361092290446,0.0752902759457406,-9.46152850872566,3.03474130567273e-21,3.09870431473076e-18
"ENSG00000178363",707.869325419905,0.861841434348731,0.093336159612869,9.23373575603921,2.6135402820818e-20,2.47800955031099e-17
"ENSG00000163297",5219.09154487576,-0.504051347928164,0.0547667036748698,-9.20360938501129,3.46123727667864e-20,3.06296424070881e-17
"ENSG00000137801",190438.222957979,-0.485337431376258,0.052795053437107,-9.19285803838467,3.82539695894524e-20,3.17364495206494e-17
"ENSG00000167656",1255.80031897826,0.736626293625346,0.0813233270774956,9.05799504394835,1.32870291031473e-19,1.03748249597163e-16
"ENSG00000143320",1295.00452699499,0.706123429038358,0.078350779295384,9.01233447055145,2.01716050055421e-19,1.48754380468648e-16
"ENSG00000106211",13663.8652325102,0.709101613450917,0.0789624425469509,8.98023909315224,2.70178999726479e-19,1.81890600855172e-16
"ENSG00000108854",5348.30594884484,-0.544943783231421,0.0606931412280505,-8.97867159624891,2.74055448026476e-19,1.81890600855172e-16
"ENSG00000168453",3010.21635379768,0.642457791887393,0.0739920925341181,8.68278987502824,3.86177420923684e-18,2.44100908825761e-15
"ENSG00000159674",146.9128026619,1.66411668135511,0.192449284655898,8.64704009854119,5.28524025916522e-18,3.18892178182541e-15
"ENSG00000206588",191.616001824013,-1.88279955713122,0.218879553387776,-8.60198921274101,7.83461591644999e-18,4.52159529021553e-15
"ENSG00000169252",2862.15797095576,-0.53959238409058,0.0632129381915193,-8.53610668208067,1.3882019648289e-17,7.67791370047452e-15
"ENSG00000171346",9390.30653451912,0.555704281289536,0.0651786301596129,8.52586622223722,1.51670473200029e-17,8.05309544502872e-15
"ENSG00000104419",14396.4583383712,0.4513981612187,0.0530291871308421,8.51225873225132,1.70577429393617e-17,8.70863383758027e-15
"ENSG00000183760",442.392270270867,-0.958953076107645,0.112957655593356,-8.48949166898296,2.07542893424439e-17,1.02034235826518e-14
"ENSG00000105825",1593.51291311386,-0.731091719022293,0.0865989364508192,-8.44227133710228,3.11229854340678e-17,1.47545181661363e-14
"ENSG00000145632",9924.48421003779,-0.455332810434799,0.0541676776030249,-8.40598730799882,4.24277029036755e-17,1.94201837359789e-14
"ENSG00000158125",1835.03462530204,-0.56324503789944,0.0683430764012005,-8.24143523468232,1.70157032237526e-16,7.52888148640306e-14
"ENSG00000120708",27011.9260048209,0.583265599257303,0.0712170370885491,8.18997283658527,2.61285141110165e-16,1.11880611712785e-13
"ENSG00000170345",1109.54777665109,-0.756787436266122,0.0930269450443869,-8.13514230640411,4.11454740355934e-16,1.65506791904294e-13
"ENSG00000197632",12573.678839375,-0.454024073450686,0.0558102302140141,-8.13514066703633,4.1146030833522e-16,1.65506791904294e-13
"ENSG00000205076",770.608087510799,0.82390560995403,0.102551412609286,8.0340737293698,9.42884864190614e-16,3.68113343743124e-13
"ENSG00000075673",1979.82226052851,-0.567963267311735,0.0708768329130162,-8.01338383740663,1.11594665578874e-15,4.2323074025542e-13
"ENSG00000131016",1180.11757430271,-0.62296406062482,0.0782048433604316,-7.96579896917246,1.64159629896881e-15,6.05293035347555e-13
"ENSG00000107984",1923.77273614497,-0.691016509736167,0.0867938818884754,-7.96158087068947,1.69854991465463e-15,6.09366258570962e-13
"ENSG00000172818",2424.1666545913,0.563458057376851,0.071709925241098,7.85746262434987,3.91992918251675e-15,1.36929315707177e-12
"ENSG00000087494",5054.24652754008,-0.495953134994596,0.063987955793632,-7.7507263490976,9.13683964443742e-15,3.10980537026314e-12
"ENSG00000099875",4069.98917181213,0.449413035893076,0.0581032598212084,7.73473015586356,1.03622656589634e-14,3.43871785892701e-12
"ENSG00000146674",161.631891440363,1.46041568082013,0.188995629375515,7.7272457868242,1.0989833271087e-14,3.5580255326929e-12
"ENSG00000139211",2163.32908628981,-0.519044511044139,0.0674177334864704,-7.69893148585755,1.37208709626048e-14,4.33644859899085e-12
"ENSG00000117394",54615.1869826927,0.397458444290208,0.0517235345070852,7.68428623600276,1.53852333206944e-14,4.749385746486e-12
"ENSG00000068078",7085.93003548392,0.439626023659061,0.0574730036566422,7.64926131728723,2.02137093572554e-14,6.09810859109565e-12
"ENSG00000117525",21604.2335584113,-0.455857784656236,0.0612663194721678,-7.44059360156804,1.00233865556585e-13,2.9566762919958e-11
"ENSG00000120875",5646.23377847546,-0.433113430916822,0.0590647049466412,-7.33286370105624,2.25286031530031e-13,6.50097126636877e-11
"ENSG00000103056",263.963264853174,-1.05607383613613,0.144796741705311,-7.29349171603212,3.02023297928299e-13,8.52990905680902e-11
"ENSG00000168298",18449.9769450569,-0.502153280376006,0.0689128043537569,-7.28679212934439,3.17422081136133e-13,8.77804313541881e-11
"ENSG00000182580",1204.95062117654,0.543031154960472,0.0745539241893303,7.28373671627854,3.24698406357878e-13,8.79601356325403e-11
"ENSG00000187134",991.928248356524,-0.644835277041318,0.0891585580919149,-7.23245519938252,4.7433914698653e-13,1.25927556741984e-10
"ENSG00000120217",706.746307459983,-0.69128749375984,0.0957666742001677,-7.21845568443714,5.25812661708108e-13,1.36855632774773e-10
"ENSG00000136235",1546.89772864079,0.519676741659206,0.0722540558681001,7.19235391585321,6.36836910884404e-13,1.62564868366915e-10
"ENSG00000135924",1130.56442661964,0.545350183069287,0.076861062329429,7.09527251564516,1.29096842783965e-12,3.2332669643667e-10
"ENSG00000075426",4336.99391430825,0.385085093545703,0.0552200111760816,6.97365113378501,3.08819338346441e-12,7.59123684668641e-10
"ENSG00000137936",2895.57912199174,-0.460999110326759,0.066277345865913,-6.95560608687342,3.51049492540086e-12,8.47241993450381e-10
"ENSG00000087916",371.299621512847,-0.892908314811724,0.129096039552305,-6.91662050910514,4.62544963023215e-12,1.09639675699467e-09
"ENSG00000170961",259.856768127775,-0.996341571270824,0.144367371144178,-6.90143183583905,5.14809731308595e-12,1.19887445147198e-09
"ENSG00000170454",1226.15620343791,0.538392350320804,0.0788058105202385,6.83188646581507,8.38051667498571e-12,1.91798238523725e-09
"ENSG00000169213",1147.16583222365,-0.512349542038497,0.0755466418977463,-6.78189697342168,1.1860804904707e-11,2.66848007296747e-09
"ENSG00000126709",14382.3237195096,0.440536633244715,0.0650757166565603,6.76960094914766,1.29138082147998e-11,2.85696483738755e-09
"ENSG00000118515",1942.01690876026,-0.503553419410496,0.0754059631682447,-6.6778991773764,2.42391692861477e-11,5.27460218203811e-09
"ENSG00000165474",52346.8836874407,0.330060684979132,0.0495742650531648,6.65790374552533,2.77760573860265e-11,5.94676428616316e-09
"ENSG00000165949",9162.74329435661,0.37083909711387,0.055942599275652,6.62892146442097,3.38148419763178e-11,7.12473353005781e-09
"ENSG00000185962",80.6112555185209,-1.6168268835438,0.245252517232282,-6.59249862871939,4.32485180751682e-11,8.97001295202786e-09
"ENSG00000081277",22539.7208016756,0.38906614011351,0.0590408607320171,6.5897775758971,4.40485974871769e-11,8.99540127761209e-09
"ENSG00000115963",4130.62057487137,-0.414502103682196,0.0633992351600818,-6.5379669429069,6.2360702969567e-11,1.25420601699702e-08
"ENSG00000073737",447.837244372214,-0.773156111018556,0.118605852582534,-6.51870117859943,7.09187746389605e-11,1.40503852919039e-08
"ENSG00000164484",705.316387855182,-0.581457900537374,0.0916119452784662,-6.34696598538497,2.19602660478553e-10,4.28677311057692e-08
"ENSG00000141401",1529.10694737306,0.562361492039875,0.0892451184206754,6.3013137524124,2.9513327515605e-10,5.67767984698755e-08
"ENSG00000181019",2623.61488977171,-0.429633478237858,0.0682205853131025,-6.29771023315073,3.02074516880726e-10,5.72819591010679e-08
"ENSG00000178573",387.868394359444,0.743829267940381,0.118471201167936,6.27856610389205,3.41709741680384e-10,6.38852832544425e-08
"ENSG00000103489",1029.82154121433,-0.506177420293042,0.0806741676028167,-6.27434326667127,3.51113115411732e-10,6.47316040829907e-08
"ENSG00000124102",1213.68056549631,-0.559354838750815,0.0900008503448296,-6.21499504291016,5.13262702345095e-10,9.33294398757369e-08
"ENSG00000025708",2650.23247895573,0.471205011389998,0.0766845911353018,6.1447157038186,8.01068616090257e-10,1.43694389324082e-07
"ENSG00000057657",1104.64052059024,-0.47381863656248,0.0777427760555175,-6.09469664710864,1.09645172956008e-09,1.9405733677574e-07
"ENSG00000159388",1256.66100239308,0.503391804053937,0.0832859135061904,6.04414099410126,1.50208114932859e-09,2.62350331265627e-07
"ENSG00000109101",173.110004678338,1.02589374551411,0.169926013952014,6.03729659546898,1.56717516227498e-09,2.67898095840694e-07
"ENSG00000203783",2604.45266756111,-0.423850972598771,0.07021383261229,-6.0365736611931,1.57420909112356e-09,2.67898095840694e-07
"ENSG00000134363",16568.492497382,-0.30561520044567,0.0507000159067016,-6.02791133257363,1.66092123409265e-09,2.79076815966402e-07
"ENSG00000125148",21852.7688562285,-0.380046768820473,0.0630988184841229,-6.02304096892244,1.71170092876555e-09,2.84013976605424e-07
"ENSG00000125848",2194.89288467516,-0.413994292819737,0.0688504428143977,-6.01295032968422,1.82176869734038e-09,2.98545156648101e-07
"ENSG00000172819",2337.10128607495,0.413778073644349,0.0689374465967278,6.0022251196056,1.94631587539749e-09,3.15065816219832e-07
"ENSG00000164543",3256.00943929455,-0.371366649515364,0.0620440823650195,-5.98552892329892,2.15687788143871e-09,3.44944542147198e-07
"ENSG00000166670",1282.51393379628,0.479822819905205,0.0805630964801035,5.95586367542001,2.58701916495788e-09,4.06089054186717e-07
"ENSG00000108352",868.979359298113,0.583254935274044,0.0979433937399343,5.95502068085103,2.60038945350844e-09,4.06089054186717e-07
"ENSG00000105576",2778.54826030976,0.366779161603028,0.0621642293544463,5.90016421681569,3.63139953107639e-09,5.60502295064047e-07
"ENSG00000100292",191.750167575403,-0.936467382093704,0.159037216276286,-5.88835370751733,3.9006160563955e-09,5.95135373937861e-07
"ENSG00000136997",10830.332576819,-0.302784133257153,0.0515199255235731,-5.87702971578662,4.17693251134718e-09,6.30052297222983e-07
"ENSG00000136158",802.87994752062,-0.524597184475768,0.0901386911014621,-5.81988908497984,5.88866910331221e-09,8.78271839071532e-07
"ENSG00000168389",2035.03843507037,-0.37023916524056,0.0638921468237069,-5.79475230754313,6.84220879101092e-09,1.00741598087901e-06
"ENSG00000165272",10099.1611452925,0.419442128486041,0.0724026667849099,5.79318617823978,6.90634731505121e-09,1.00741598087901e-06
"ENSG00000185033",2650.387147821,0.456094494751177,0.0789323906173082,5.77829318463801,7.54622281707376e-09,1.08878871384606e-06
"ENSG00000011347",545.016415826172,0.60194305022681,0.104315819076639,5.77039087220866,7.90878686253197e-09,1.12883050336827e-06
"ENSG00000186832",50410.8890763409,0.341657754966896,0.0592424573752815,5.76710977403599,8.06425285241936e-09,1.13877545067037e-06
"ENSG00000118523",404.71753756516,-0.675251245299094,0.117231750461532,-5.75996897291632,8.41293991534406e-09,1.17550909932923e-06
"ENSG00000183347",640.980970270291,0.533951554430852,0.0931117245536751,5.73452545305453,9.77857399515060e-09,1.35209157512114e-06
"ENSG00000148600",171.73644031047,0.954566664704517,0.166732193797205,5.72514907268329,1.03342955428215e-08,1.41420040242693e-06
"ENSG00000198431",2644.10987597199,-0.457221322187301,0.080184188890663,-5.70213814609705,1.18313879039179e-08,1.60254941874088e-06
"ENSG00000187193",1201.9312788985,-0.595733671481532,0.104545002922761,-5.69834669115335,1.20974850272057e-08,1.61074446464323e-06
"ENSG00000118503",2063.7851641781,-0.405281651724491,0.0711291910354785,-5.697824561541,1.21345823763992e-08,1.61074446464323e-06
"ENSG00000115008",7466.25309861197,-0.343667556656254,0.0603438524390031,-5.69515439876233,1.23260324504773e-08,1.61995796779838e-06
"ENSG00000171476",2534.71941876437,-0.465158786857639,0.0818970770246954,-5.67979717661199,1.34854556880844e-08,1.75496018434933e-06
"ENSG00000198952",3104.97910027621,0.342785554679549,0.0608250859612692,5.63559507170808,1.74454866454792e-08,2.24826591972904e-06
"ENSG00000113369",852.538656745337,0.582000929748023,0.103568083660113,5.61950080739179,1.91509984310113e-08,2.4443303189735e-06
"ENSG00000176092",678.121436731998,0.558804808317593,0.0995804554636767,5.61159120748775,2.00474576443378e-08,2.53438050258038e-06
"ENSG00000135318",10558.8006498072,-0.293653342548717,0.0523896398751336,-5.60517963568018,2.08039085093592e-08,2.60519888257768e-06
"ENSG00000163235",6663.53934782507,-0.362652264978746,0.0656004983080919,-5.52819375358331,3.23544612627162e-08,4.01376746543266e-06
"ENSG00000171522",433.791854969692,-0.613434617544607,0.111060158127385,-5.52344448169255,3.32417363806457e-08,4.08565563626566e-06
"ENSG00000185585",745.456134148196,0.49451596903351,0.0898918492462464,5.50123257203054,3.77145327666022e-08,4.59286888021906e-06
"ENSG00000057019",13452.282334608,-0.286875289693854,0.052481242790503,-5.46624421298512,4.59670936923493e-08,5.54697456065677e-06
"ENSG00000041982",7233.67058905518,0.412360452736983,0.0755578784844185,5.45754408419527,4.82765314954112e-08,5.77317728891971e-06
"ENSG00000139289",4161.06729308629,-0.33109503444786,0.0607310048277307,-5.45182868926742,4.98544711034484e-08,5.90864508417119e-06
"ENSG00000074181",574.3150944173,0.601459465286235,0.110368862866693,5.44953938696188,5.05004388748797e-08,5.93223739491285e-06
"ENSG00000147050",1560.21216707546,-0.421811759757185,0.0776197574382287,-5.43433493840625,5.50011833589701e-08,6.35188366332362e-06
"ENSG00000174136",1787.13120714297,-0.364675211277867,0.0671069151145528,-5.43424192060325,5.50298795602092e-08,6.35188366332362e-06
"ENSG00000167914",528.67343047955,-0.582793071850555,0.107416977605537,-5.42552103812419,5.77857227667254e-08,6.6074784458197e-06
"ENSG00000169509",3042.94972380303,-0.340268393470917,0.0627423007726009,-5.42326929807951,5.8518727595779e-08,6.6074784458197e-06
"ENSG00000164171",10359.9975999726,-0.280491481706178,0.051726360203353,-5.42260233667082,5.87375664160558e-08,6.6074784458197e-06
"ENSG00000117984",4736.26897739114,0.412408440541937,0.0763565173848556,5.401090236519,6.62370941245463e-08,7.38849737318679e-06
"ENSG00000091622",1291.13999669421,0.415502733163408,0.0771697671794045,5.38426832618849,7.27399248626385e-08,8.04624802188886e-06
"ENSG00000110400",8146.8385158614,0.337234134311674,0.0627393275737873,5.37516335212638,7.65132828850568e-08,8.36873240625176e-06
"ENSG00000108244",726.566722976487,-0.48520025633662,0.0902829668895266,-5.37421700961964,7.69161785115802e-08,8.36873240625176e-06
"ENSG00000115221",1690.63163695611,-0.392758167091373,0.0734656997768195,-5.34614341501583,8.98480271390085e-08,9.69628221335934e-06
"ENSG00000168209",2567.98347860185,0.453761180541727,0.0849134607171256,5.34380740944423,9.10142694089927e-08,9.74293074302394e-06
"ENSG00000143217",724.386403729527,0.512954327019007,0.0961384362766503,5.3355800955917,9.52395754325068e-08,1.01136809943288e-05
"ENSG00000073712",666.153629862567,-0.476701097211236,0.0899975662673693,-5.29682209177777,1.17835399138352e-07,1.24138657790673e-05
"ENSG00000137699",16001.5263029542,0.316569268199029,0.0600730378848638,5.26973962604933,1.36617413049482e-07,1.42792089828254e-05
"ENSG00000123384",1499.09003265274,0.486063245772188,0.0925160515923795,5.25382609186302,1.48971553900636e-07,1.54488156756018e-05
"ENSG00000119669",2224.07728273622,0.346232353889474,0.0661821705692969,5.2315049644216,1.68135518880049e-07,1.73010145551455e-05
"ENSG00000105939",2473.03356162576,-0.362530834724756,0.0697936711683129,-5.19432247446168,2.05466727592486e-07,2.0979733400482e-05
"ENSG00000138772",5179.97808001554,-0.315238772289412,0.0607169321076892,-5.19194170960904,2.08112165675186e-07,2.10005834218563e-05
"ENSG00000117143",5244.6174837646,-0.307583107720643,0.0592519883262515,-5.19110187538414,2.09053195870942e-07,2.10005834218563e-05
"ENSG00000137975",6960.11373996118,0.369655212659981,0.0712260064851152,5.18989103702216,2.10417176066512e-07,2.10005834218563e-05
"ENSG00000075275",4154.4168113364,0.284863515382091,0.0552462605520194,5.15624971782237,2.519448517315e-07,2.49575818051039e-05
"ENSG00000130707",1429.19304816752,0.429276844877215,0.0833450465526709,5.15059817749251,2.59656964338187e-07,2.55310114416674e-05
"ENSG00000159403",196.559637412141,0.78525824717622,0.153345649867896,5.12083810563065,3.04180708463896e-07,2.94763286597771e-05
"ENSG00000144959",591.622495247108,-0.533892365697414,0.104259320883453,-5.12081184850828,3.04223069639104e-07,2.94763286597771e-05
"ENSG00000185650",1874.64778106088,-0.381585276841289,0.0748508477345173,-5.09794195243725,3.43366068129562e-07,3.30278346982015e-05
"ENSG00000105427",1625.78356860434,-0.403805990273006,0.0792964772513721,-5.09235724296969,3.53638967943882e-07,3.37712493560222e-05
"ENSG00000125780",756.466329265762,-0.564056922973831,0.111923911956679,-5.03964624817757,4.66393114657226e-07,4.42207300282858e-05
"ENSG00000140937",774.258426767926,-0.482810211773526,0.0959643248971319,-5.03114269069333,4.87565091426e-07,4.59002767630406e-05
"ENSG00000104267",925.947363616926,0.421709968623408,0.0840733460004639,5.01597698539417,5.2764645104196e-07,4.932379571219e-05
"ENSG00000138678",179.120678910208,-0.817337304487638,0.163554677125707,-4.99733372870431,5.81284210487672e-07,5.39578084616318e-05
"ENSG00000074410",5147.92974203956,0.294884185189877,0.059169065218195,4.98375602356479,6.23617038650815e-07,5.74853650767425e-05
"ENSG00000147896",1501.07298681178,-0.375084336864451,0.075443866160885,-4.97170089433883,6.63680434927634e-07,6.07565109877891e-05
"ENSG00000110723",1973.60989493233,-0.346855693537664,0.0697852778262771,-4.97032761553409,6.68398651464027e-07,6.07693404077636e-05
"ENSG00000124225",1542.1838110663,-0.375124532962922,0.0755333865036689,-4.96634071801747,6.82280415776608e-07,6.16094574082905e-05
"ENSG00000143126",2098.83807946948,0.328071966371344,0.0661005531884038,4.96322573029387,6.93319231308422e-07,6.21832397053242e-05
"ENSG00000196611",6846.70468818006,0.265991056114924,0.0536585663992521,4.95710329150036,7.15519415700197e-07,6.33292430992802e-05
"ENSG00000105514",2484.68985986037,0.437505214699512,0.0882588168058363,4.95707092541242,7.15638576532472e-07,6.33292430992802e-05
"ENSG00000143878",1645.74401529007,-0.342070801745299,0.0690531333245898,-4.95373323810474,7.2802998525729e-07,6.39991392338097e-05
"ENSG00000186350",2901.16841934653,0.334561751207903,0.0675931881129552,4.94963709432992,7.43519892144186e-07,6.49308095284337e-05
"ENSG00000148154",3665.64130727155,-0.287224396528063,0.0581471785174725,-4.93961020725633,7.82788919598843e-07,6.78349673845634e-05
"ENSG00000133056",437.532615402714,0.591973585628755,0.119867532697721,4.9385648666147,7.86996005516254e-07,6.78349673845634e-05
"ENSG00000135925",400.640905849964,0.574828214041553,0.117190946340787,4.90505650811945,9.34004462723117e-07,7.99869370205591e-05
"ENSG00000154127",1212.8199310816,-0.363981420986603,0.0742332187392511,-4.90321485674912,9.4280763127995e-07,8.02232596000644e-05
"ENSG00000162552",91.9812344269559,1.21747832997702,0.249929565856324,4.87128573926668,1.10874355467463e-06,9.37417958264396e-05
"ENSG00000125144",32.507506653414,-1.88860947755758,0.388451771392388,-4.86188921416922,1.16270694025149e-06,9.76821007904954e-05
"ENSG00000197614",2934.02415941222,-0.396339770711911,0.0815714519293272,-4.85880490462885,1.18096431736919e-06,9.85919518789849e-05
"ENSG00000122641",2330.80636917316,-0.344055080349299,0.0708292803158742,-4.85752613629465,1.18861451903453e-06,9.86104320354018e-05
"ENSG00000182379",148.516991002579,0.875761701326944,0.180434500795701,4.8536266482569,1.21223862738717e-06,9.99456865834613e-05
"ENSG00000135114",706.215519512853,-0.432202489841675,0.0891576668242739,-4.84762001111501,1.24951444434927e-06,0.000102383053915384
"ENSG00000129521",433.743643406088,0.543925100418356,0.112581997796243,4.83136834543284,1.35597870869445e-06,0.000110424916436872
"ENSG00000151835",4080.23364911556,-0.308284541756871,0.063903130719104,-4.82424786215847,1.40532567970139e-06,0.000113745689465587
"ENSG00000005001",76.494109202439,-1.28840291994196,0.267967092715973,-4.80806395622457,1.52399013789937e-06,0.000122602697518038
"ENSG00000158055",1891.38480901641,0.364308507253866,0.0757909446836214,4.80675506519439,1.53399736876942e-06,0.000122664343813526
"ENSG00000134760",1973.09092665784,0.391234589572551,0.0814424478825286,4.80381667968603,1.55669365430539e-06,0.000123733841720059
"ENSG00000129151",121.896734377953,0.93927150676868,0.195591783991632,4.80220328073117,1.56929258909238e-06,0.00012399279659293
"ENSG00000149968",90.0786313010992,1.08602580484256,0.227231494973725,4.77938062665184,1.75836034297844e-06,0.000138109320666839
"ENSG00000155324",1047.99802226847,-0.406026913604261,0.0852459197365539,-4.76300701381435,1.90729209213846e-06,0.00014892585430027
"ENSG00000106366",5363.7480067501,-0.35647342288098,0.0752278102490717,-4.7385856600203,2.15215050518363e-06,0.000167062256174313
"ENSG00000099250",1098.73553725252,-0.382380460057649,0.0810283553921949,-4.7190944232651,2.36896849011903e-06,0.000182823765917675
"ENSG00000170465",5857.07003375097,0.376143323825898,0.0799718612612398,4.70344591077067,2.55806887879834e-06,0.000196276336977856
"ENSG00000003137",148.758467049541,0.803489192065957,0.171393811827003,4.68797084037643,2.75927322229273e-06,0.000210497659498354
"ENSG00000141579",1312.53119838748,0.38162731612203,0.0814740373562312,4.68403590279232,2.81280706070317e-06,0.000212251485136786
"ENSG00000131711",821.61416897729,-0.464719606124986,0.099215716764719,-4.68393134957666,2.81424298508922e-06,0.000212251485136786
"ENSG00000170873",1016.90297748238,0.41571931931445,0.0889802805095637,4.67203875885476,2.98224664488683e-06,0.000223651649515411
"ENSG00000170989",164.981607265541,-0.773487189593922,0.16569336989764,-4.66818430979924,3.03873244582418e-06,0.000225367989426729
"ENSG00000086570",9117.47228922992,0.262601805679996,0.0562538120580413,4.66816018457647,3.03908920501616e-06,0.000225367989426729
"ENSG00000188505",597.418394599038,-0.51669491728642,0.110747479722003,-4.66552303116441,3.07833012237533e-06,0.000227009744691167
"ENSG00000067082",3653.19743240531,-0.346610096900938,0.0744138683332598,-4.6578696238268,3.19498437211446e-06,0.0002343106218533
"ENSG00000078081",375.530167662306,0.578775786002594,0.12434141815486,4.65473045579843,3.24404812208219e-06,0.000236601619629225
"ENSG00000147526",1639.59530139108,-0.332765802677438,0.0716055686436433,-4.64720564309043,3.3646170858708e-06,0.000244054246982782
"ENSG00000159337",592.843546761697,-0.500997857475668,0.107915587877179,-4.64249759771373,3.44222642326129e-06,0.000248326704034621
"ENSG00000148346",290.717565427732,-0.607006392363967,0.130805186450236,-4.64053764867265,3.47503854603141e-06,0.000249338711675789
"ENSG00000235750",2283.0919942445,-0.31369198394358,0.0676492107641288,-4.63703833940242,3.53436873378979e-06,0.000252232314904976
"ENSG00000153250",3462.70346576959,-0.277741373476819,0.0599262023190803,-4.63472342195106,3.57415023615533e-06,0.000253707327458427
"ENSG00000137266",536.852148639138,0.508528265054304,0.110326152401408,4.60931750075077,4.03992979300984e-06,0.000285244830172408
"ENSG00000099194",27965.0508057209,0.240047873970271,0.052339067661845,4.58639950411775,4.50955314630737e-06,0.000316718563302032
"ENSG00000115525",718.178312096304,-0.422917752327161,0.0926498868068637,-4.56468719933536,5.00239651468949e-06,0.000349483217557833
"ENSG00000213859",1227.42376736759,0.38719452313558,0.0848570961607422,4.56290093172796,5.04516245559467e-06,0.00035062558343227
"ENSG00000005007",3512.66928134669,0.266456583481185,0.0590316783189168,4.51378973238169,6.36793535604494e-06,0.000440249864146565
"ENSG00000087074",1139.76170285954,-0.380466987399142,0.0843567891678177,-4.51021181759595,6.47629266717818e-06,0.000445421289451415
"ENSG00000173801",29348.5235755807,0.300255307568679,0.0669326814425141,4.48592975953843,7.25966567037996e-06,0.00049672578406507
"ENSG00000187608",6418.02725057202,0.359458298721441,0.0801965629300582,4.48221576571723,7.38719976221406e-06,0.000502859946890408
"ENSG00000170421",9698.37776811736,0.327927926489148,0.0733628758617888,4.46994372340235,7.82401809895069e-06,0.000529877633905466
"ENSG00000160712",818.372240593845,0.370984010194412,0.0830701305139082,4.46591341435655,7.97278523679466e-06,0.000537211935193971
"ENSG00000103067",1921.66301377112,0.293311742585192,0.065770148416398,4.45964848259431,8.20941836041405e-06,0.000550362723818869
"ENSG00000167880",4417.49624371359,0.290573933957583,0.065290631436212,4.45046904227706,8.56829450334786e-06,0.000571535383102711
"ENSG00000099204",3721.90059503878,0.304755492980223,0.0685160426313767,4.44794359504735,8.66962870025554e-06,0.00057540325683596
"ENSG00000166130",1304.70077317541,-0.324057313916869,0.0730005458605497,-4.43910809291624,9.03324425904978e-06,0.000596553653207098
"ENSG00000125998",225.992539140331,0.628875657176743,0.141717368399294,4.43753411653018,9.09953028921302e-06,0.000597956262668384
"ENSG00000197077",1354.25611625631,0.475250885212365,0.107875120773884,4.40556526660615,1.05508377428583e-05,0.000689910444328574
"ENSG00000125170",625.4161549244,0.403689382960175,0.0917223552097728,4.40121039235114,1.07648679767224e-05,0.000700455183936338
"ENSG00000189051",241.32755633225,-0.61505613082602,0.139992420347179,-4.39349594285669,1.11542271966284e-05,0.000722249813697782
"ENSG00000117289",6338.43640352238,0.26702745305219,0.0608641372546211,4.38727081491517,1.14781838115405e-05,0.000739618504438778
"ENSG00000124882",2163.33904719478,-0.351678729840559,0.0802555696853639,-4.38198534032329,1.17602723942778e-05,0.000753816640335467
"ENSG00000023909",599.939453311307,-0.488336203185545,0.111466138577408,-4.38102736326887,1.18121034495839e-05,0.000753816640335467
"ENSG00000118520",63.4630164594298,-1.21582789501001,0.27787690321268,-4.3754190468988,1.21199416623654e-05,0.000769761270938936
"ENSG00000171310",1138.79922979765,-0.353679111691139,0.0809375301610995,-4.36977890216281,1.24372398712473e-05,0.000786152009766367
"ENSG00000119326",3690.34849420444,-0.292863166546982,0.0670509278703451,-4.36777201820808,1.25520415351366e-05,0.000789648338091956
"ENSG00000085552",968.324652432955,0.40311687633457,0.0925753410031985,4.35447357758739,1.33387067253406e-05,0.000834185473796462
"ENSG00000116106",214.08093779157,0.692498057370618,0.15910319770015,4.35250873257567,1.34588509438736e-05,0.000834185473796462
"ENSG00000159871",849.54888063957,-0.423943709351667,0.0974142013638801,-4.35197028170535,1.34919553383581e-05,0.000834185473796462
"ENSG00000184979",685.501087720645,-0.445530993139803,0.10240575357199,-4.35064415425252,1.35738182690944e-05,0.000834185473796462
"ENSG00000185112",343.922501853954,-0.568162097983393,0.130592828088361,-4.35063782828079,1.35742099096004e-05,0.000834185473796462
"ENSG00000167754",4537.77922004752,-0.273755829886515,0.0631440002438445,-4.33542108243612,1.45481362001219e-05,0.000888567769921395
"ENSG00000163219",509.472179253051,-0.445556887166,0.102787372255701,-4.33474343577537,1.45930219860527e-05,0.000888567769921395
"ENSG00000064195",137.455457988743,0.775576546609416,0.179049324376455,4.33163626453429,1.48005304151608e-05,0.00089708785721847
"ENSG00000154856",297.955072543183,0.592588885128806,0.136844227544034,4.33039007756554,1.48845433921393e-05,0.000898079222669351
"ENSG00000121742",4056.93052985073,0.270619342267537,0.0625321707473095,4.32768188011738,1.50686898926109e-05,0.000905075971196912
"ENSG00000162545",1112.65908621621,-0.373775953309537,0.0863991686689155,-4.3261521964622,1.5173660077644e-05,0.000907275512930841
"ENSG00000163683",781.376701070539,0.370929998245117,0.0860870307342626,4.30877909345161,1.64158230209244e-05,0.000977146344303811
"ENSG00000172795",931.711140088865,0.405988177998209,0.0943190252000403,4.30441448198974,1.67427949619825e-05,0.000992160090738198
"ENSG00000197782",372.467733515391,0.497794436885422,0.115855087161175,4.29669899771343,1.73360341774839e-05,0.00102274896743076
"ENSG00000183742",3568.9466539159,-0.288907778357637,0.0673814966612798,-4.28764264186573,1.80579296738073e-05,0.00106062371013327
"ENSG00000166024",422.10633896963,0.504779965423414,0.117798654596027,4.28510806982035,1.82650379674881e-05,0.00106806217612527
"ENSG00000169035",1953.95112359678,-0.364033132180532,0.0853226931906914,-4.26654525973458,1.98523234795927e-05,0.00115578834152681
"ENSG00000171223",4875.90194098253,0.243831840204807,0.0571757318630111,4.26460374462736,2.00257280879681e-05,0.00116079264034799
"ENSG00000163472",1040.25246752692,0.369872865606148,0.0867622213085984,4.26306357798948,2.01643115523066e-05,0.00116374378932747
"ENSG00000137962",3245.92400700174,-0.30514816000194,0.0718713734725223,-4.24575384132048,2.17859707481873e-05,0.00125189166974648
"ENSG00000168672",1829.8808791973,-0.319341526441165,0.0754618303316089,-4.23182852891128,2.31799102028393e-05,0.00132625055186417
"ENSG00000205595",410.154520868478,-0.464999807904906,0.110163532104737,-4.22099581432095,2.43225453595321e-05,0.00138565436524647
"ENSG00000114850",10829.0167314153,-0.205924330317532,0.0488230548531796,-4.21776824364609,2.46732217685774e-05,0.00139962540921409
"ENSG00000111696",1530.70736890083,-0.300394685181079,0.071419678490811,-4.20604925041393,2.5987362410768e-05,0.00146789893038525
"ENSG00000163209",197.089063549192,-0.762563487570558,0.182038454119737,-4.18902418864192,2.80156539947316e-05,0.00157576182680537
"ENSG00000171621",533.174632078436,-0.451246186255929,0.107784869327484,-4.18654481905899,2.83233026011047e-05,0.00158634396087369
"ENSG00000170340",1660.7399167449,-0.281188254369959,0.0674724060407232,-4.16745556991471,3.08018523892081e-05,0.00171791507821155
"ENSG00000205420",240075.149427852,0.19490511333345,0.046835107861464,4.16151733673743,3.16139992214618e-05,0.00175583358019115
"ENSG00000188647",2450.17504193525,-0.261376600858059,0.0629124243948334,-4.15461021208911,3.25842531765949e-05,0.00180218073610884
"ENSG00000146373",1984.53354071685,-0.281478662095035,0.0678092772242773,-4.15103469049009,3.3097558977431e-05,0.00182297509488141
"ENSG00000105971",6989.16583573572,-0.244602830887567,0.0589432633436351,-4.14980130064312,3.32764008132839e-05,0.00182525183634517
"ENSG00000198899",563.200689886092,-0.470588631560766,0.113968971334661,-4.12909431444214,3.64194997440691e-05,0.00198943390783034
"ENSG00000241794",1126.1612149375,0.41166788053809,0.100006448012353,4.11641337853776,3.84813860044319e-05,0.00209345048288045
"ENSG00000167470",913.105594400827,0.491872613529252,0.11968014069321,4.10989334304116,3.95841906988781e-05,0.00214465529525269
"ENSG00000157168",1501.4446619888,-0.296632241373145,0.0722086080016354,-4.10799002476862,3.99117337643499e-05,0.00215361119507309
"ENSG00000203499",523.857002903063,0.465459682853949,0.113363075403149,4.10591968503545,4.02709396296667e-05,0.0021641961645514
"ENSG00000136492",1226.21768282433,-0.309441167370588,0.0754792126981008,-4.09968726897404,4.13708794111336e-05,0.0022143429568685
"ENSG00000116717",1363.71245429185,-0.366569496800123,0.0897176781609899,-4.08581122822136,4.39230794411524e-05,0.00234150584940505
"ENSG00000144655",598.399180777818,-0.408278849402929,0.100018187487117,-4.08204607242576,4.46409441304061e-05,0.00237025556954804
"ENSG00000142871",820.990937488567,-0.52970496187141,0.130338868944598,-4.06405983234798,4.82264547748423e-05,0.00255043012223608
"ENSG00000176170",798.765993880372,-0.429435967237422,0.105778278760978,-4.05977458007042,4.91201142427059e-05,0.00258738252562571
"ENSG00000141682",569.654289588124,-0.407076502440698,0.100449204353224,-4.05256074512284,5.06600644469866e-05,0.0026579513654913
"ENSG00000171295",431.641734868996,0.455343989657613,0.112566598709809,4.04510747305662,5.22991260312262e-05,0.00273314409030904
"ENSG00000198888",342.20393958076,-0.51293843242107,0.126847079091472,-4.04375438594988,5.2602024702901e-05,0.00273819323884827
"ENSG00000119681",2809.08242984107,-0.258291118531684,0.0639202426151266,-4.04083445187925,5.32613477403438e-05,0.00276168410119267
"ENSG00000100664",7219.95135547375,-0.266021035618711,0.0659443881504098,-4.03402083300788,5.48304535739745e-05,0.00283198225969237
"ENSG00000125657",296.258343047698,-0.501458735131474,0.12445591887331,-4.02920760757015,5.59651775957915e-05,0.00287938669537417
"ENSG00000163659",6677.88533785455,-0.219631604162243,0.0545907446672459,-4.02323883839637,5.74032311804997e-05,0.00293632740309711
"ENSG00000168758",332.967872857447,0.490183146910416,0.121851729828919,4.02278365353234,5.75143230981805e-05,0.00293632740309711
"ENSG00000159399",3141.60472507033,0.272317038400821,0.0677504683152576,4.01941189740078,5.83435936382051e-05,0.00296725234464956
"ENSG00000078902",2144.1625292984,0.272098990989643,0.067753247304149,4.01602877819526,5.91870314694356e-05,0.00299865899131789
"ENSG00000159516",442.404039233271,-0.439682243828578,0.109600466254754,-4.01168223871044,6.02876120134409e-05,0.00304280517819929
"ENSG00000162522",1714.17169493575,0.273789764907097,0.0683685115243037,4.00461789795979,6.21178050888387e-05,0.00312330206344411
"ENSG00000100097",9573.78853926089,0.273207253279073,0.06839556446663,3.99451712124358,6.48262370846089e-05,0.00324718290966452
"ENSG00000143631",797.864242794748,-0.520497137318302,0.13057391905069,-3.98622589489896,6.71326008881756e-05,0.00335006821123926
"ENSG00000164050",2251.24959111825,0.270136263110519,0.0677922371578369,3.98476690600394,6.75463970147293e-05,0.00335166266764704
"ENSG00000067798",2377.75517581551,-0.252383936679894,0.0633440661151894,-3.9843343214018,6.76695491132595e-05,0.00335166266764704
"ENSG00000213853",2797.50795531798,0.264806249672365,0.0665388334104104,3.97972486290892,6.89950728162245e-05,0.00340461188313221
"ENSG00000179431",2608.76862122365,-0.280557145464796,0.0705135012024027,-3.97877201785063,6.92721255103807e-05,0.00340562294083257
"ENSG00000157617",1785.10334293879,-0.282374010952374,0.0714767698977257,-3.95057039309997,7.79651621950195e-05,0.00381885447592874
"ENSG00000120738",462.103223302616,0.494991336721753,0.125373144666682,3.94814486019108,7.87591445265778e-05,0.00384356207516836
"ENSG00000143061",3100.8121230244,0.252040359206233,0.0639708034474251,3.93992799251575,8.1506070015164e-05,0.00396304605634171
"ENSG00000198910",571.463535775621,0.465726408114679,0.118492551724187,3.93042770484631,8.47948876857311e-05,0.00410790999686275
"ENSG00000168824",722.00356628413,0.351498966251084,0.0894705420272075,3.92865582667639,8.5421991404082e-05,0.00412324186871922
"ENSG00000088002",1492.27751617931,0.381764273014932,0.0973711633624027,3.92071183943911,8.82877856165326e-05,0.0042374932676842
"ENSG00000011028",1957.61843087313,0.269429827192986,0.0687262953637561,3.92033101401642,8.84274246759472e-05,0.0042374932676842
"ENSG00000142731",1128.68357807394,-0.303981023067069,0.077658025289094,-3.91435427227839,9.06464635128087e-05,0.00432820559952886
"ENSG00000135932",8586.01598051402,-0.21436709512786,0.0547772295389949,-3.91343441302113,9.09926233569076e-05,0.00432916158580499
"ENSG00000123505",6004.93225957098,-0.211590417863221,0.0542170981984279,-3.90265109889921,9.51448051778579e-05,0.00451054337118174
"ENSG00000138670",80.0845611422619,-0.965055107025031,0.247415702293515,-3.90054106541775,9.59779434862914e-05,0.0045338477645446
"ENSG00000198763",481.252304437027,-0.450904168499768,0.115854665465138,-3.89198110140371,9.94289916195446e-05,0.00468016292459314
"ENSG00000166387",307.702708923023,0.500693660454162,0.128675807536649,3.89112506880173,9.97804812159002e-05,0.00468016292459314
"ENSG00000167716",856.133699244565,0.327514118368301,0.0842608885820704,3.88690558430678,0.000101530221315198,0.00473992267164654
"ENSG00000160588",1246.73808622739,-0.298908453705358,0.0769126681221182,-3.88633577541174,0.000101768717901105,0.00473992267164654
"ENSG00000116679",3554.64940798753,-0.239280904302045,0.0615832813677789,-3.88548480996077,0.000102125878836621,0.00473992627859199
"ENSG00000120948",1591.82869747844,0.347443104046658,0.0894503675739752,3.88419984701934,0.000102667436795565,0.00474735792541297
"ENSG00000071242",441.510435666869,-0.475158850660212,0.122370518304461,-3.88295201527221,0.000103195938777446,0.00474735792541297
"ENSG00000138675",299.130852918016,-0.551445973297416,0.142031232133184,-3.88256839721224,0.000103358930273041,0.00474735792541297
"ENSG00000167306",861.692429872701,-0.340738598799491,0.0879080226223609,-3.87608080167212,0.000106152445848459,0.00485885367652569
"ENSG00000158786",98.8917032784878,-0.844690145758833,0.218061110728059,-3.87363956341685,0.000107221957433321,0.00489094248443266
"ENSG00000149557",2868.34769086362,-0.254321254324839,0.0657996440189191,-3.86508556568657,0.000111050261642229,0.00504822319533887
"ENSG00000120992",4538.08312419485,-0.212419649692178,0.0549766083244331,-3.86381874339405,0.000111628066700712,0.00505717050302134
"ENSG00000147394",5293.42509790896,0.238842346068008,0.0618744534337326,3.86011241818577,0.000113334872539022,0.00511703094586048
"ENSG00000126391",1453.64740285846,0.266762582285619,0.0692172459443162,3.85399012408301,0.000116208284683891,0.00522897888438632
"ENSG00000196878",84855.7306979334,-0.288686722539241,0.0751350397751187,-3.84223823402887,0.000121917411543502,0.00546733689469068
"ENSG00000065911",3095.39861732186,-0.223147543210748,0.0581346617761619,-3.83845947310989,0.000123808643799871,0.00553345433602521
"ENSG00000176225",1312.12955207759,-0.282183811348726,0.0735792712291502,-3.83509929678309,0.000125513576789582,0.00559082959162723
"ENSG00000203837",1133.18087761387,-0.321565811137189,0.0838839970727853,-3.83345837535816,0.000126354189946868,0.00560944989081847
"ENSG00000175121",196.258263042311,-0.591236219288401,0.154896433602264,-3.81697761232223,0.000135096423167684,0.00597756640375944
"ENSG00000170423",438.20571793683,-0.416320876097443,0.109309133262674,-3.80865590706872,0.000139724235965236,0.00616179238605494
"ENSG00000089356",2852.87487429151,0.272086192807105,0.0715247710240016,3.80408338134772,0.00014233023594053,0.00625593229097547
"ENSG00000181218",659.444322594278,0.421286102032516,0.110788340972888,3.80262127163373,0.000143173142700867,0.00625948356319178
"ENSG00000184731",861.362392663879,-0.421445072410886,0.110839267492192,-3.80230835105955,0.000143354151213673,0.00625948356319178
"ENSG00000134762",20710.9509096271,0.224937330654222,0.0591976644819018,3.79976697768187,0.000144832208405291,0.00629217327124561
"ENSG00000184203",1653.42944757496,-0.268148133055181,0.0705765697055772,-3.79939311550291,0.00014505085287036,0.00629217327124561
"ENSG00000163453",2809.37778832895,-0.248947885589493,0.0655883051055956,-3.7956139465518,0.000147278530252865,0.00636799742858804
"ENSG00000111450",471.289410083108,-0.420051563626686,0.110773175285033,-3.79199713780744,0.000149440636919412,0.00644050329372818
"ENSG00000198804",24134.3011968921,-0.266263431474125,0.0702473539399267,-3.79036955188127,0.000150423316390075,0.00646187411573418
"ENSG00000058453",825.540678229171,0.319356549925394,0.0842860184920886,3.78896234083438,0.000151277841664344,0.00647142019830642
"ENSG00000108417",42.020071721962,-1.29084538813412,0.340736295644382,-3.78840001677233,0.000151620587740944,0.00647142019830642
"ENSG00000134317",1389.83524859283,0.285864462239605,0.0756529285409719,3.77863048731534,0.00015769321506188,0.00670903761772885
"ENSG00000111405",446.92891516058,-0.457179776458673,0.121067792687113,-3.77622955132425,0.000159220263879809,0.00673834194449748
"ENSG00000167755",59.3153894403581,-1.00128105394235,0.265173095737747,-3.77595265144323,0.000159397270647296,0.00673834194449748
"ENSG00000142627",6569.08287216837,-0.203480834414571,0.0542178936833568,-3.75301990894259,0.000174716973085464,0.00736251778011572
"ENSG00000146376",1449.7259864064,-0.302704034974228,0.080791436765363,-3.74673414774576,0.000179151777495673,0.00752550852682775
"ENSG00000221930",417.229821290944,-0.433066076715848,0.115875773045944,-3.73733063721734,0.000185984284747947,0.00778787191086514
"ENSG00000150630",835.002619310918,-0.318097076125931,0.0853300534449881,-3.72784339495354,0.000193125318047843,0.00806146374769516
"ENSG00000029363",7370.33414770707,-0.198772368627034,0.0533399791591561,-3.72651755325843,0.000194143557620111,0.0080785629587754
"ENSG00000145390",2677.66415469398,-0.231739959316621,0.0622828589220772,-3.72076624816714,0.000198619218202238,0.00823813926577764
"ENSG00000198886",842.052296172435,-0.400273179224322,0.107602119147172,-3.719937696365,0.000199271929069364,0.00823813926577764
"ENSG00000153922",3569.54972862154,-0.225242269873002,0.060563895674359,-3.71908489975757,0.000199945843565347,0.00823813926577764
"ENSG00000254911",137.652724676505,0.801148810567337,0.215453232989974,3.71843485219189,0.000200460975052447,0.00823813926577764
"ENSG00000104689",1611.79468241437,-0.251816639022808,0.0677753265566786,-3.7154618327397,0.000202832881981012,0.0083098878870863
"ENSG00000171488",1699.17386493527,-0.257341440963377,0.0693509733252508,-3.71071130835418,0.000206677695179416,0.00844135300249714
"ENSG00000092295",10367.5209367553,0.256581346059809,0.0691658431321492,3.70965399163257,0.000207542692540192,0.00845068006373776
"ENSG00000140450",1544.39304653279,-0.288275247112744,0.0777404999027672,-3.70817331343765,0.000208759761009619,0.0084561692662733
"ENSG00000138764",649.776085098637,-0.338579368485951,0.0913147414932017,-3.70782814416836,0.000209044440576092,0.0084561692662733
"ENSG00000068079",1102.24066547347,0.301095341553338,0.0812316645959768,3.70662528031281,0.000210039358539988,0.0084561692662733
"ENSG00000143398",2231.85389551722,-0.239999269973542,0.0647602824658682,-3.70596391546058,0.000210588282537,0.0084561692662733
"ENSG00000180530",3491.8822955814,-0.215560876713288,0.0581711215391263,-3.70563384390484,0.000210862741233725,0.0084561692662733
"ENSG00000183688",390.906124416251,-0.438160844759514,0.118272158708673,-3.70468290714799,0.000211655336470131,0.00846238836236302
"ENSG00000072310",3240.98285007647,0.224329922845258,0.0606077767405845,3.70133891902095,0.000214464787448262,0.0085489657314962
"ENSG00000198339",997.038703679292,0.414384114579885,0.112106944759666,3.69632867498297,0.000218739753175755,0.00869326791513463
"ENSG00000053747",92925.9687149219,-0.180329534038786,0.0488358960706071,-3.69256118036752,0.000222006909456396,0.00879677527201254
"ENSG00000244405",1199.58149625934,-0.299111176815862,0.0813643664097043,-3.67619376902304,0.000236739732097716,0.00935262858293179
"ENSG00000180611",697.375069337391,-0.324675394330087,0.0884572467998981,-3.67042165651555,0.000242150681814618,0.00953800638103039
"ENSG00000126804",1301.92124736494,-0.272383265151616,0.0743026737778242,-3.66586088094329,0.000246507914837994,0.00967987999804239
"ENSG00000158258",148.126336870281,0.63353565512389,0.17285479863228,3.66513200753908,0.000247211038069638,0.00967987999804239
"ENSG00000196562",6873.46699013851,0.219502228850854,0.0599730574669379,3.6600139816427,0.000252201486656765,0.00984624274671147
"ENSG00000100504",7000.09094578585,-0.189931948099163,0.0519453154671284,-3.65638260911813,0.00025579947187959,0.00995742577633336
"ENSG00000050405",15525.4240030032,-0.19688481988947,0.0539148304058293,-3.65177481608442,0.000260434203259929,0.0101081977019658
"ENSG00000154639",1512.6929720117,0.320328129270959,0.087948625580911,3.6422187061498,0.00027029827239695,0.0104339433278544
"ENSG00000186831",2144.72418643405,0.37740271139028,0.103621632590083,3.6421228073413,0.000270399013468578,0.0104339433278544
"ENSG00000138829",4373.92006269947,-0.254526368049011,0.069902548472185,-3.64116006657882,0.000271412318321727,0.0104426872852249
"ENSG00000073008",2807.81503828532,-0.223671177524972,0.0614920857261571,-3.63739780304489,0.000275406410624317,0.0105657361116393
"ENSG00000144136",6856.6293619615,-0.229619200018423,0.0631603234763187,-3.63549753041585,0.000277444651895273,0.0106132573753829
"ENSG00000147459",2174.51316381147,-0.233355190411479,0.0643943596781275,-3.62384518734086,0.000290255380551496,0.0110714078202315
"ENSG00000168490",76.8025623201345,0.866326149302702,0.23912167736511,3.6229511219927,0.000291260876425288,0.011077928004783
"ENSG00000163785",2345.41992348597,-0.231841146910253,0.0640261843558895,-3.62103644380188,0.00029342517398876,0.0111283593129337
"ENSG00000081041",70.9401702008101,-0.937603826894821,0.259260146315728,-3.61645953000814,0.000298659985897169,0.0112946229424473
"ENSG00000111252",921.613080388218,-0.308262561617429,0.0855508085615545,-3.60326882703431,0.000314240230101671,0.0118500704953681
"ENSG00000138623",864.461928033772,-0.308215354412813,0.0855626598931587,-3.60221800955789,0.000315513582133723,0.011864383255646
"ENSG00000138835",420.618255564409,0.403895602039318,0.112191478656362,3.60005596571584,0.000318148696155226,0.0119296773806906
"ENSG00000006468",140.116343467963,-0.64412233481527,0.179342548225375,-3.59157568122552,0.000328684696034152,0.0122900300145277
"ENSG00000163872",1716.12818643589,0.284519776884994,0.0793088650202225,3.58749021074058,0.000333876263675983,0.0124490829326826
"ENSG00000103257",24957.3630230307,0.202755959881607,0.056544305749561,3.5857891823737,0.000336060368799265,0.0124954211076791
"ENSG00000182667",478.195376783954,-0.398176812519631,0.111161843842292,-3.5819558110653,0.000341031486951238,0.0126448378709238
"ENSG00000172667",986.577084732582,-0.361588243850963,0.100994676800537,-3.58027032023772,0.000343238934174339,0.0126912356886634
"ENSG00000186918",1109.01467712509,0.267261633614147,0.0747516602586121,3.57532705881748,0.000349790339169524,0.0128975471170452
"ENSG00000070404",4108.62532530747,-0.203467738953395,0.057005266383327,-3.56927967997191,0.000357964116111021,0.0131623702971127
"ENSG00000183287",181.441186265365,-0.589489429159862,0.165314890440815,-3.565858027598,0.000362667675169747,0.0132984826524951
"ENSG00000130303",386.322814710319,0.416258546435352,0.116793233762077,3.5640638847566,0.000365157020034779,0.0133528768152663
"ENSG00000013588",279.021674347068,-0.535442584148626,0.150449543142176,-3.55895121358148,0.000372338680675225,0.013578086943085
"ENSG00000136156",5917.88324524148,0.227939144360928,0.0640782434036898,3.55720026413524,0.000374828405309206,0.0136314308276011
"ENSG00000183479",226.9180577403,-0.542974759598839,0.153068439450281,-3.54726788584792,0.000389248578985115,0.0141171738728099
"ENSG00000234975",354.355226753673,0.476683048362838,0.134494698232419,3.5442515922753,0.000393729331630363,0.0142407715206034
"ENSG00000171992",978.060616634525,0.314269488329683,0.0887020223849774,3.54297996685708,0.00039563275539787,0.0142707315085634
"ENSG00000117479",569.857277544005,-0.347144660154609,0.0980825590810853,-3.53931079497654,0.000401173235101514,0.0144093452392534
"ENSG00000124466",2778.56233825101,0.348373937756894,0.0984385390924317,3.53899947082492,0.000401646658017458,0.0144093452392534
"ENSG00000165655",481.135796174524,0.38679955465147,0.109328596003668,3.53795410158283,0.000403240146508455,0.01442751941982
"ENSG00000092068",1473.88944369708,0.354093567031333,0.100135138618005,3.5361569566716,0.000405993401410429,0.0144869795976399
"ENSG00000104093",474.503428201092,-0.380052319028719,0.107637771535608,-3.53084529349432,0.000414233953396475,0.0147413981163132
"ENSG00000182326",77.9235328228701,0.909124496824799,0.257629415086739,3.52880705224873,0.000417437366403618,0.0147912161663414
"ENSG00000188373",224.254422655351,0.537850759984528,0.152428798474835,3.52853768688156,0.000417862442547689,0.0147912161663414
"ENSG00000104611",554.717636765138,0.337020273763295,0.0955938769470778,3.52554247747347,0.000422616395537589,0.0149197075382073
"ENSG00000028277",415.654495654924,-0.400167061189216,0.113640615269923,-3.52133838978895,0.00042937430369459,0.0151180756160265
"ENSG00000204519",624.449803956897,0.323903200811644,0.0922349792353,3.51171760970789,0.000445220801616423,0.0155992797900348
"ENSG00000087258",39.4095095286227,1.18251097625446,0.336742705558774,3.51161571352305,0.000445391520297061,0.0155992797900348
"ENSG00000187840",1420.72542015286,-0.295327352549942,0.0841724876677825,-3.50859717625978,0.000450476631820902,0.0157358600283964
"ENSG00000170779",1692.75013946504,-0.239857656376765,0.0683956549343751,-3.50691365711617,0.000453336219826643,0.0157941863044065
"ENSG00000075790",1851.23235581877,-0.231023593670742,0.0659397039667256,-3.50355824750624,0.00045908624097494,0.015952645975658
"ENSG00000189334",19140.3774318596,0.16514901561312,0.047179537134556,3.50043738543079,0.00046449534472735,0.0160984626786184
"ENSG00000165029",587.698437960668,-0.343515565583091,0.0981813262889021,-3.49878717845269,0.000467379473479073,0.0161562373202115
"ENSG00000132164",589.541275105258,0.342624388336559,0.0982046007442218,3.48888326758681,0.000485042916915573,0.0167031909456073
"ENSG00000183734",61.6261264207218,0.91029762096689,0.26094159360678,3.48851100502836,0.000485718826653943,0.0167031909456073
"ENSG00000203326",707.877304228255,0.315170134342338,0.0904878129491954,3.48301195564635,0.000495806222056215,0.0170060253012253
"ENSG00000205208",627.186078858599,-0.341719257907799,0.0983769254975056,-3.47357122800573,0.00051358102697424,0.0175702952372579
"ENSG00000197044",161.015599377454,0.603454302430846,0.17401640928306,3.46780113965718,0.00052473544157775,0.017905753859905
"ENSG00000256812",110.034476665652,0.6869133958855,0.198420994145432,3.46189877156865,0.000536378858334607,0.0182561358090604
"ENSG00000131149",438.463313448007,0.391665701450349,0.113201913397536,3.45988587732542,0.000540404368078538,0.0183461063475052
"ENSG00000138771",1699.24887179007,-0.227653447478039,0.0658403922785513,-3.45765630488506,0.000544896050353382,0.0184514035009969
"ENSG00000106392",839.231408296916,-0.296708704841825,0.0858739315223316,-3.45516619050644,0.000549953721059589,0.0185752816624554
"ENSG00000196754",95843.9905986782,0.181920910525777,0.0526672256771235,3.45415784079919,0.000552014192084777,0.018597554278511
"ENSG00000196576",6529.27720775958,0.207489252688411,0.0601305696269611,3.45064505418185,0.000559248547717882,0.0187935828415371
"ENSG00000147100",694.10082268557,-0.313610049339632,0.0910488652967215,-3.44441469223807,0.000572297199895027,0.0191835177560772
"ENSG00000143507",243.776639952968,-0.539964613964102,0.156925684722007,-3.44089378944336,0.000579796073724259,0.0193859271602413
"ENSG00000224308",58.1012406375902,-0.989058991354943,0.287906212608476,-3.43535133331758,0.000591786063894405,0.0196713039694481
"ENSG00000171889",137.543326898869,0.627549544495808,0.18267793389871,3.4352783125069,0.000591945559192194,0.0196713039694481
"ENSG00000125398",627.497740349983,-0.38598614870189,0.112371940170282,-3.43489796578211,0.000592776976629445,0.0196713039694481
"ENSG00000145990",1293.60188351743,-0.256731994918632,0.0747998646360355,-3.43225213264556,0.000598590775835936,0.0198146981507387
"ENSG00000170802",3367.55083426059,-0.195054085935538,0.0568758180957469,-3.42947306018837,0.00060475446530596,0.0199689322698291
"ENSG00000165891",979.652784272543,-0.285275364039006,0.0832072046542401,-3.42849354481312,0.000606940968969321,0.0199914005511136
"ENSG00000125538",1976.48435931395,-0.331303666706051,0.0967695028535468,-3.42363716808025,0.000617890593832524,0.0203016825310221
"ENSG00000141736",2804.26879884056,0.222507951438549,0.065014473686571,3.42243717162488,0.000620624390706324,0.0203411559561377
"ENSG00000121406",336.995296917098,0.423482497163704,0.123816323434261,3.42024771385292,0.000625641369556552,0.0204499164707542
"ENSG00000160223",265.816079252582,0.501672452366117,0.146747412484119,3.41861191195046,0.000629414285416407,0.0204499164707542
"ENSG00000167779",728.203421526119,0.348662896999002,0.101993597762621,3.41847826380709,0.000629723473329819,0.0204499164707542
"ENSG00000008282",3590.56971845092,0.216477459417235,0.0633287344907603,3.4183133637199,0.000630105155683175,0.0204499164707542
"ENSG00000197343",1421.86283224833,-0.26311520895,0.0770585495798389,-3.4144843159472,0.000639028725571947,0.0206889446420537
"ENSG00000118263",2396.75226040249,-0.230219582765736,0.0677799603101824,-3.39657299461638,0.000682353553338554,0.0220300959491839
"ENSG00000148925",2357.62624676878,-0.224641357903796,0.0661487252095609,-3.39600434010068,0.000683772753583226,0.0220300959491839
"ENSG00000187720",1989.32606071114,-0.225513212081248,0.0664594145307742,-3.39324704668927,0.000690693163548069,0.0221991793049324
"ENSG00000205336",1549.5259415347,0.240394540006494,0.0708612078525004,3.39247025688416,0.000692654515072354,0.0222084445243247
"ENSG00000131737",809.701431553723,-0.295540019047711,0.0871374156314858,-3.39165462856489,0.000694719501989774,0.0222209799262946
"ENSG00000087448",1886.35994754098,-0.224693683782296,0.0663176162739845,-3.3881447555955,0.000703671163835696,0.0224531995883534
"ENSG00000181104",1330.58735671398,-0.28398063950739,0.0839147007271057,-3.38415840188607,0.00071396799871599,0.0226925770344595
"ENSG00000029153",4045.70467914651,-0.246177920426813,0.0727493654260145,-3.3839184573668,0.000714592225433485,0.0226925770344595
"ENSG00000128422",95900.5667295286,0.258528821706001,0.0765874352172583,3.37560359571545,0.000736539569365394,0.0233337141855757
"ENSG00000142089",9103.36747660255,0.231039720820013,0.0685132916108144,3.37218830664887,0.000745734425055247,0.0235687589480556
"ENSG00000223573",412.685127271174,0.40006555910127,0.118676322821771,3.37106467060065,0.00074878277907983,0.023608889808802
"ENSG00000119888",468.995452381948,-0.364961287412952,0.108315728830657,-3.36942096363069,0.000753262903453006,0.0236938667782825
"ENSG00000197182",232.68342361163,0.496449663230318,0.147474660150133,3.36633875083976,0.000761731022668775,0.0239035876948116
"ENSG00000166886",1314.336456206,0.244322239122589,0.0726043263829134,3.36511956373012,0.000765104967115888,0.0239332595433211
"ENSG00000182809",701.923388357904,0.31904874869614,0.0948298647037163,3.36443323728202,0.000767010386481219,0.0239332595433211
"ENSG00000155903",888.210708551924,-0.280743092169025,0.0834803874884311,-3.36298261921618,0.000771052182027312,0.0239332595433211
"ENSG00000159166",15324.1183994974,0.169571140502477,0.0504247569493958,3.36285489035973,0.000771409013057806,0.0239332595433211
"ENSG00000151849",779.390952130237,-0.313834041548306,0.0933265009570818,-3.3627537551486,0.000771691659224154,0.0239332595433211
"ENSG00000230903",847.103653746244,13.1266793588439,3.90681530251017,3.35994367340833,0.000779583649036944,0.0241216628375674
"ENSG00000153885",1131.10167549951,0.249593355724362,0.0744606290046089,3.35201782553989,0.000802248531380026,0.0247652255942755
"ENSG00000196670",501.887206794949,0.351279132337174,0.10494721548366,3.34719821500998,0.000816328174373698,0.0251413925444002
"ENSG00000185215",111.929504531483,0.650871774318988,0.194536402079285,3.34575826098459,0.000820579018984053,0.0251791868890479
"ENSG00000138642",3235.5121567501,0.216341277884723,0.0646733499774374,3.34513795806461,0.000822416517644915,0.0251791868890479
"ENSG00000164211",1926.58306429677,-0.290672220038458,0.0869037234657057,-3.34476140315397,0.000823533832556146,0.0251791868890479
"ENSG00000172331",620.743695515777,-0.337874520785818,0.10104172604574,-3.34391081792158,0.000826062877061443,0.0251791868890479
"ENSG00000011638",677.195978235501,0.318241538133806,0.0951797953685,3.3435829201113,0.000827039738106441,0.0251791868890479
"ENSG00000051825",846.277584627748,-0.301433695220491,0.09025652751864,-3.33974398869088,0.000838556538809884,0.0254713947280604
"ENSG00000088451",264.962035279259,-0.451446026278868,0.13522610963794,-3.33845311003613,0.000842462477687809,0.0255316139927579
"ENSG00000186448",868.226236447311,0.278258717088175,0.0833769039942447,3.33735967345804,0.000845784190150563,0.0255738937131175
"ENSG00000059804",4761.40698598476,0.213239300214763,0.0639972648554117,3.33200646459707,0.000862222533134785,0.0260116861473435
"ENSG00000136943",1748.10598865816,-0.240356495056103,0.0721667864230055,-3.33056946234592,0.000866685368164616,0.0260870330544606
"ENSG00000125458",711.931569992889,-0.305490113806607,0.0917495788483362,-3.32960780464821,0.000869683898997721,0.0261180635187687
"ENSG00000151117",723.623376695827,-0.334054024579198,0.100352759391517,-3.32879759963469,0.000872217650282734,0.0261350272908646
"ENSG00000185761",177.483188918331,0.53799808154557,0.16199258999273,3.32112772300087,0.000896544988671732,0.0268034643685328
"ENSG00000238741",2094.48172731964,-0.260488740143341,0.0787040318167484,-3.30972548839497,0.000933875112831802,0.0277399599795377
"ENSG00000125968",494.938929118166,0.343955405032797,0.103924839541167,3.30965538702177,0.000934109009847515,0.0277399599795377
"ENSG00000146592",294.983027024856,-0.410840543901967,0.12413427210661,-3.30964637670027,0.000934139077207576,0.0277399599795377
"ENSG00000115355",1185.7540421873,-0.273229389068751,0.0827202955876256,-3.30305141111735,0.000956388520518933,0.0283372795119828
"ENSG00000124610",720.991251311843,0.355357192274434,0.107903982037264,3.2932722737861,0.000990285258631046,0.0292762728798853
"ENSG00000068366",6090.8147112044,-0.215562950540138,0.0656430551141241,-3.28386529489479,0.00102393850878147,0.0302039105901449
"ENSG00000111801",96.7816110752509,0.718061865654134,0.218726263735158,3.28292475440256,0.00102736084104025,0.030237666971105
"ENSG00000081087",1064.06130903424,-0.287638507468638,0.0877407133679403,-3.27827865112547,0.00104442239804171,0.0306718206008974
"ENSG00000134152",1055.12894970472,-0.26541151587215,0.0809990458725441,-3.27672397882054,0.00105018980315901,0.0307731113623239
"ENSG00000104884",811.851499536905,-0.322230449822239,0.0984970189429229,-3.27147413475494,0.00106988374653583,0.0312133647676749
"ENSG00000019995",1203.18792319535,-0.243448740610002,0.0744158103068748,-3.27146529220164,0.00106991720425584,0.0312133647676749
"ENSG00000138061",117.810735286752,0.749898956617645,0.229315725569662,3.2701593174858,0.00107486928440003,0.0312890677217675
"ENSG00000005812",1487.82703009451,-0.225572444060152,0.0690021396058522,-3.26906448624125,0.00107903706495345,0.0313416586437465
"ENSG00000183604",40.2986838300024,1.06363802018438,0.325629960644536,3.26640097268404,0.00108923896853882,0.0315689040794416
"ENSG00000176390",995.646522485057,-0.2684253714812,0.0822345718350733,-3.26414262871757,0.00109795878160057,0.0317522981851111
"ENSG00000147854",1528.6073910094,-0.229019005184738,0.0702524164338728,-3.25994487891117,0.0011143386804024,0.0321559383557857
"ENSG00000197043",1413.49595823389,-0.268445918079963,0.082440456706933,-3.25624006468402,0.00112898251300753,0.0324449593412681
"ENSG00000076513",2374.63061477343,-0.211459270512093,0.064941011540947,-3.25617457280847,0.00112924297240213,0.0324449593412681
"ENSG00000167207",122.442545090209,0.622207191950445,0.191176837281071,3.25461599218563,0.00113545782013704,0.0325374211483187
"ENSG00000198707",493.708587555942,-0.355320138561417,0.109207858444555,-3.25361328041985,0.00113947283637026,0.0325374211483187
"ENSG00000135378",1730.40809932916,0.227785204498573,0.0700118391112639,3.25352408092827,0.00113983064013371,0.0325374211483187
"ENSG00000210140",2820.52097837292,-0.259242819048048,0.0796954755289339,-3.25291765093902,0.00114226595262291,0.0325374211483187
"ENSG00000130821",2161.85466580997,0.231133637037946,0.0711080460838531,3.25045687186209,0.00115219743069946,0.0327500400323439
"ENSG00000244617",200.016748643379,-0.50218558970422,0.154666950117978,-3.24688363817324,0.00116676081970518,0.0330158304697599
"ENSG00000139514",6930.78696930209,0.18913021595147,0.0582512931507913,3.24679858113847,0.00116710954948841,0.0330158304697599
"ENSG00000186395",401.893080062209,0.441080232172786,0.13587019612199,3.24633543456997,0.00116901011908898,0.0330158304697599
"ENSG00000104413",3659.27133561988,0.196676403628696,0.0605988400517699,3.24554733161022,0.00117225075605139,0.0330370627087605
"ENSG00000154429",907.617315582595,-0.266251987767463,0.0821272227010108,-3.24194559381083,0.00118716683815921,0.0333275197153685
"ENSG00000113070",706.355306771281,-0.312097767011,0.0962715968276886,-3.24184678861832,0.00118757848616614,0.0333275197153685
"ENSG00000213757",773.923072705514,0.362151813853695,0.11174343190338,3.24092259996841,0.00119143528620758,0.0333652151669187
"ENSG00000158023",1708.42855132252,-0.239838681567774,0.0741071764786026,-3.23637592152798,0.00121057842829021,0.0338299327518406
"ENSG00000198478",373.356652715754,-0.373578328241579,0.115682570534214,-3.22933979178038,0.00124076377894511,0.0346006268943643
"ENSG00000159256",2441.57287288902,-0.210525835446016,0.0652041927331283,-3.22871623160292,0.00124347213851263,0.0346034573723618
"ENSG00000186635",2123.83490206326,0.233828791351635,0.0725222062516787,3.22423714662187,0.0012630875323938,0.0350757822280237
"ENSG00000156030",1627.15874933694,0.233718459417923,0.0725339298595918,3.22219490754666,0.00127212565585561,0.0352444328015461
"ENSG00000117114",1326.23835648294,-0.25834132069542,0.0801994610591404,-3.22123512157912,0.00127639386996739,0.0352444328015461
"ENSG00000236581",41.0554644498455,-1.10382676905301,0.342689388650332,-3.22107075856766,0.00127712612457011,0.0352444328015461
"ENSG00000164713",620.911456869572,0.32414227748416,0.100789317232239,3.21603803245606,0.00129973605959966,0.0357653067882254
"ENSG00000165650",2184.30956657541,-0.22020643413728,0.0684888543014196,-3.21521561987518,0.0013034657422897,0.0357653067882254
"ENSG00000115415",15686.5233121706,0.17052751087469,0.0530586405775973,3.21394421376659,0.00130925107570997,0.0357653067882254
"ENSG00000118985",9193.07751668192,-0.177410306508485,0.0552008335080023,-3.2139062987657,0.00130942396526598,0.0357653067882254
"ENSG00000066697",861.691425260357,-0.269182367166574,0.0837677292737163,-3.21343755525477,0.00131156314154664,0.0357653067882254
"ENSG00000080822",850.673291678838,-0.266467467692742,0.0829262821524722,-3.21330536925316,0.00131216697347188,0.0357653067882254
"ENSG00000198142",3600.5044740634,-0.183073684269739,0.0570038049715062,-3.2116046351862,0.0013199589257425,0.0359039647137417
"ENSG00000138778",3392.55709409956,-0.241322063730602,0.0751877756818293,-3.20959173937795,0.00132923621616213,0.0360823753237958
"ENSG00000173120",3003.64175678298,0.22027239625306,0.0686688002699389,3.20775075998363,0.00133777379410476,0.0362400190672379
"ENSG00000112787",771.841913183254,0.28331791839881,0.0883698931015552,3.2060457295475,0.00134572600377886,0.0363811954667221
"ENSG00000133477",3213.41789702209,0.190511897425022,0.0594594944745754,3.20406184257896,0.00135503367196803,0.0365583678083408
"ENSG00000144834",93.5398692375742,-0.690678886197503,0.21570367360332,-3.20198017335423,0.00136486391731839,0.0367330077455391
"ENSG00000006432",990.480262064366,-0.246979627808883,0.0771444668118248,-3.20152096470289,0.00136704127062651,0.0367330077455391
"ENSG00000112715",1730.43073541105,0.221953725942747,0.0694785713610531,3.19456375677819,0.00140042348649291,0.0375315203006557
"ENSG00000163517",334.469529736538,0.38780095202484,0.121409601245648,3.1941539058365,0.00140241329434423,0.0375315203006557
"ENSG00000176845",946.437519074748,0.272569770004733,0.0854498840519422,3.18982024409824,0.00142361312566489,0.0380222145474362
"ENSG00000210144",144.989618361416,-0.610206966696741,0.191335970308556,-3.18919106382713,0.00142671545570655,0.0380285561426682
"ENSG00000157514",315.842237647541,0.415129126166897,0.130257411586896,3.18699044537638,0.00143761523870329,0.0382422939449849
"ENSG00000204899",882.572086075591,-0.276774466443071,0.0869776551910869,-3.18213299536538,0.0014619466910606,0.0388117607542768
"ENSG00000131067",142.510784946828,0.679111270977829,0.213710490413794,3.17771612269902,0.00148440011545057,0.0393291958732351
"ENSG00000145911",272.61636697134,0.470612363958291,0.148390170076143,3.17145241977152,0.00151678713304919,0.0401072358647309
"ENSG00000100968",149.76953733052,-0.532348415120235,0.16823110806463,-3.16438749791579,0.00155409731412179,0.0409961971173078
"ENSG00000120539",1556.34215787714,-0.239797171410022,0.075791104459577,-3.16392237743305,0.0015565830455871,0.0409961971173078
"ENSG00000144579",1685.35625340138,0.216508555973963,0.0684588188646195,3.16261015840952,0.00156361565237993,0.0410998696429528
"ENSG00000102781",589.915342412768,-0.324078292083713,0.102523484958681,-3.16101517827183,0.001572203056466,0.0412439197065804
"ENSG00000162496",118.78070716265,0.613587618630524,0.194186496644607,3.15978520253902,0.0015788549014069,0.041336725761884
"ENSG00000197579",1421.41100540858,-0.237614367968736,0.0753237733033603,-3.15457335112201,0.00160732968000735,0.0419993979771998
"ENSG00000168944",941.549683990425,-0.25502653312682,0.0808888113449661,-3.15280356932444,0.00161710583153732,0.0421626683687185
"ENSG00000143479",688.187525460731,-0.308850949864713,0.0980158361333654,-3.15103111954761,0.00162695154586787,0.0421626683687185
"ENSG00000181773",42.0727979199706,-1.05918076349405,0.336181553598545,-3.15062130017665,0.00162923587483245,0.0421626683687185
"ENSG00000123094",658.143931461035,-0.298008267477049,0.0945967575740179,-3.1503010792296,0.00163102283697074,0.0421626683687185
"ENSG00000091129",201.102267201655,-0.469564487955072,0.149055933780607,-3.15025692735062,0.0016312693637222,0.0421626683687185
"ENSG00000149115",9181.02686216639,0.235966903458458,0.0749098364621596,3.15001226277748,0.00163263609624238,0.0421626683687185
"ENSG00000092010",2538.35921435228,0.189346523011259,0.0601603525137332,3.14736392158001,0.00164749771045284,0.0424638536088369
"ENSG00000135048",1558.06639913251,-0.240997069306357,0.0767056650171453,-3.14184186073465,0.00167888687264512,0.0431890394331228
"ENSG00000164951",1500.01689202132,-0.216481563500116,0.0689564878688416,-3.13939369870278,0.00169297825841831,0.0434672986503765
"ENSG00000181788",1782.53349332621,-0.214055123411574,0.0682266829365197,-3.13741067568443,0.0017044720116363,0.0436779179198074
"ENSG00000125945",727.039459692486,0.272401438690268,0.0869085045516382,3.13434732418409,0.00172236856969993,0.0440514843818821
"ENSG00000171320",854.563293972643,-0.291622680241196,0.0932374457225589,-3.12774205665136,0.00176154702339488,0.0449668753625838
"ENSG00000019144",1251.95186057354,-0.254934496984446,0.0817234621826417,-3.1194774447355,0.00181172131048065,0.0461589034075243
"ENSG00000131127",233.493159824821,0.448602928674428,0.143998461902969,3.11533139136383,0.00183738358266164,0.0467230453568019
"ENSG00000130635",411.79921597139,0.349197364210223,0.112180518614953,3.11281645442205,0.00185311226191838,0.047032910448766
"ENSG00000117318",398.653600287985,0.374423126182661,0.120472361276153,3.10795872361452,0.00188384376831233,0.0477216453827821
"ENSG00000174951",448.744398964977,0.338634145377471,0.108995376422138,3.10686706623171,0.00189081403845872,0.0478069819933354
"ENSG00000144824",8903.46645319292,-0.168264243346012,0.0542286813719262,-3.10286437156705,0.00191657452860551,0.048320650047739
"ENSG00000186081",634532.852442244,0.190126862057868,0.0612802257428085,3.10258096724097,0.00191841062039766,0.048320650047739
"ENSG00000183963",11835.3667853184,-0.186759074173843,0.0602156529289326,-3.10150376338621,0.00192540424935438,0.0483350805733399
"ENSG00000122008",626.967051329631,-0.285002391155878,0.091895606286973,-3.10137124799926,0.00192626620636559,0.0483350805733399
"ENSG00000182253",450.132487131329,-0.353648070936376,0.114348142248438,-3.09273123272982,0.00198323660480298,0.0494924789097965
"ENSG00000143013",1032.96788869252,-0.250989256700251,0.0811630320634911,-3.09240857960938,0.00198539376403955,0.0494924789097965
"ENSG00000166073",417.93556014992,-0.434220025848958,0.140422370447309,-3.09224252849293,0.00198650476976316,0.0494924789097965
"ENSG00000201782",66.8501278935039,0.851916092974623,0.275511715856432,3.09212292597586,0.00198730535324104,0.0494924789097965
"ENSG00000109790",1073.71632171562,-0.246988225044711,0.0799268732367015,-3.09017749653813,0.00200036912917993,0.0497245314995026
"ENSG00000075413",2811.23191192211,-0.181390036522629,0.0587272403166285,-3.08868653702546,0.0020104343853017,0.0498813196831679
